Workbook

Sheet KPIKudo
B1: 2022 | F1: 2023 | AE1: 2024
B2: 31 Ekim-11 Kasım | C2: 14-25 Kasım | D2: 28 Kasım-9 Aralık | E2: 12-23 aralık | F2: 26 aralık-6 ocak | G2: 9 ocak-20 ocak 2023 | H2: 23 ocak-3 şubat 2023 | I2: 6 şubat-17 şubat 2023 | J2: 20 şubat-5 mart 2023 | K2: 6 mart-19 mart 2023 | L2: 20 mart-2 nisan 2023 | M2: 3-16 nisan 2023 | N2: 17 Nisan-1 Mayıs 2023 | O2: 2 mayıs-14 mayıs 2023 | P2: 15 Mayıs-28 Mayıs | Q2: 29 mayıs-11 Haziran 2023 | R2: 12-25 Haziran 2023 | S2: 26 Haziran-16 Temmuz | T2: 17-30 Temmuz 2023 | U2: 31 Temmuz-13 Ağustos 2023 | V2: 14-27 Ağustos 2023 | W2: 28 Ağustos-17 Eylül 2023 | X2: 18 Eylül-1 Ekim 2023 | Y2: 2-15 Ekim 2023 | Z2: 16-29 Ekim 2023 | AA2: 30 Ekim- 12 Kasım | AB2: 13-26 Kasım | AC2: 27 kasım-10 Aralık | AD2: 11 Aralık-24Aralık 2023 | AE2: 25 Aralık-7 ocak 2024 | AF2: 8 Ocak-21 Ocak 2024 | AG2: 22 Ocak-4 Şubat 2024 | AH2: 5-18 Şubat 2024 | AI2: 19 şubat-3 Mart 2024 | AJ2: 4-17 Mart 2024 | AK2: 18-31 Mart 2024 | AL2: 1-21 Nisan 2024 | AM2: 22 Nisan-5 Mayıs 2024 | AN2: 6-19 Mayıs 2024 | AO2: 20 Mayıs-2 Haziran 2024 | AP2: 3-16 Haziran 2024 | AQ2: 17 Haziran-7 temmuz 2024 | AR2: 8-21 Temmuz 2024 | AS2: 22 Temmuz-4 Ağustos 2024 | AT2: 5-18 Ağustos 2024 | AU2: 19-30 Ağustos 2024 | AV2: 2-29 Eylül 2024 | AW2: 30 Eylül-13 Ekim | AX2: 14-29 Ekim | AY2: 30 Ekim-10 Kasım | AZ2: 11-24 Kasım | BA2: 25 Kasım-8 Aralık 2024 | BB2: 9-22 Aralık 2024 | BC2: 23 Aralık-8 ocak 2025 | BD2: 9-22 Ocak 2025 | BE2: 23 OCAK-5 ŞUBAT 2025 | BF2: 6-19 ŞUBAT 2025 | BG2: 20 ŞUBAT-5 MART 2025 | BH2: 6-19 MART 2025 | BI2: 20 MART-2 NİSAN 2025 | BJ2: 3-16 NİSAN 2025 | BK2: 17-30 NİSAN 2025 | BL2: 1-14 MAYIS 2025 | BM2: 15-28 MAYIS 2025 | BN2: 29 MAYIS-11 HAZİRAN 2025 | BO2: 12-25 HAZİRAN 2025 | BP2: 26 HAZİRAN-9 TEMMUZ | BQ2: 10-23 TEMMUZ 2025 | BR2: 24 TEMMUZ-6 AĞUSTOS 2025 | BS2: 7-20 AĞUSTOS 2025 | BT2: 21 AĞUSTOS-10 EYLÜL 2025 | BU2: 11-24 Eylül 2025 | BV2: 25 Eylül-8 Ekim 2025 | BW2: 9-22 Ekim 2025 | BX2: 23 Ekim-5 Kasım 2025 | BY2: 6 -19 Kasım 2025 | BZ2: 20 Kasım-3 Aralık 2025 | CA2: 4-17 Aralık 2025 | CB2: 18 Aralık-14 Ocak 2026 | CC2: 15-28 Ocak 2026 | CD2: 29 Ocak-11 Şubat 2026 | CE2: 12-25 Şubat 2026 | CF2: 26 Şubat-11 Mart 2026 | CG2: 12 Mart-1 Nisan 2026 | CH2: 2-15 Nİsan 2026
A3: İslam | B3: 2.86 | C3: 1.65 | D3: 1.67 | E3: 1.58 | F3: 1.54 | G3: 1.6 | H3: 4.62 | I3: 2.58 | J3: 2.91 | K3: 3.6 | L3: 2.19 | M3: 1.87 | N3: 2.34 | O3: 3.64 | P3: 2.15 | Q3: 1.91 | R3: 3.19 | S3: 1.97 | T3: 2.72 | U3: 2.68 | V3: 2.89 | W3: 1.97 | X3: 3.37 | Y3: 1.8 | Z3: 1.25 | AA3: 1.76 | AB3: 2.27 | AC3: 3.07 | AD3: 1.92 | AE3: 1.43 | AF3: 2.67 | AG3: 3.33 | AH3: 2.42 | AI3: 2.81 | AJ3: 3.13 | AK3: 3.16 | AL3: 2.52 | AM3: 2.1 | AN3: 4.54 | AO3: 2.59 | AP3: 2.81 | AQ3: 2.02 | AR3: 2.39 | AS3: 2.95 | AT3: 3.39 | AU3: 3.54 | AV3: 3 | AW3: 2.29 | AX3: 2.35 | AY3: 1.81 | AZ3: 1.99 | BA3: 2.22 | BB3: 1.43 | BC3: 2.45 | BD3: 2.41 | BE3: 4.11 | BF3: 2.46 | BG3: 2.46 | BH3: 2.83 | BI3: 2.69 | BJ3: 2.77 | BK3: 3.38 | BL3: 2.19 | BM3: 4.24 | BN3: 2.69 | BO3: 3.4 | BP3: 2.95 | BQ3: 2.97 | BR3: 2.84 | BS3: 3.65 | BT3: 3.31 | BU3: 2.51 | BV3: 2.43 | BW3: 2.5 | BX3: 4.24 | BY3: 2.9 | BZ3: 3.56 | CA3: 3.54 | CB3: 3.63 | CC3: 2.76 | CD3: 1.51 | CE3: 2.8 | CF3: 2 | CG3: 2.52 | CH3: 4.94
A4: MuratSaç | B4: 4.71 | C4: 3.66 | D4: 3.89 | E4: 2.4 | F4: 2.48 | G4: 3.21 | H4: 4.62 | I4: 3.87 | J4: 4.94 | K4: 2.93 | L4: 3.62 | M4: 4.81 | N4: 3.03 | O4: 2.26 | P4: 3.59 | Q4: 3.13 | R4: 3.29 | S4: 2.93 | T4: 2.84 | U4: 4.29 | V4: 5.1 | W4: 2.89 | X4: 4.17 | Y4: 0.5 | Z4: 4.79 | AA4: 2.95 | AB4: 4.31 | AC4: 3.7 | AD4: 3.45 | AE4: 3.61 | AF4: 3.08 | AG4: 2.92 | AH4: 3.2 | AI4: 2.76 | AJ4: 4.31 | AK4: 3.66 | AL4: 2.66 | AM4: 3.07 | AN4: 3.05 | AO4: 2.08 | AP4: 4.09 | AQ4: 4.46 | AR4: 4.47 | AS4: 3.89 | AT4: 3.02 | AU4: 4.83 | AV4: 3.06 | AW4: 4.41 | AX4: 3.04 | AY4: 3.25 | AZ4: 3.91 | BA4: 4.51 | BB4: 4.08 | BC4: 5.04 | BD4: 4.95 | BE4: 4.59 | BF4: 3.87 | BG4: 4.98 | BH4: 4.15 | BI4: 4.28 | BJ4: 3.84 | BK4: 4.8 | BL4: 4.21 | BM4: 5.4 | BN4: 3.54 | BO4: 5.34 | BP4: 4.63 | BQ4: 4.34 | BR4: 4.8 | BS4: 3.73 | BT4: 1.84 | BU4: 3.69 | BV4: 3.07 | BW4: 4.19 | BX4: 4.52 | BY4: 3.71 | BZ4: 3.46 | CA4: 5.27 | CB4: 4.65 | CC4: 3.54 | CD4: 5.21 | CE4: 3.44 | CF4: 2.87 | CG4: 3.2 | CH4: 3.01
A5: Emre | B5: 2.61 | C5: 1.76 | D5: 1.76 | E5: 1.76 | F5: 3.44 | G5: 2.69 | H5: 2.6 | I5: 2.87 | J5: 3.54 | K5: 2.65 | L5: 3.11 | M5: 3.06 | N5: 2.38 | O5: 3.78 | P5: 3.25 | Q5: 2.84 | R5: 3.42 | S5: 3.49 | T5: 4.15 | U5: 3.8 | V5: 4.14 | W5: 3.57 | X5: 3.26 | Y5: 4.3 | Z5: 3.27 | AA5: 4 | AB5: 4 | AC5: 4 | AD5: 3.2 | AE5: 2.51 | AF5: 3.63 | AG5: 3.96 | AH5: 3.15 | AI5: 3.89 | AJ5: 3.06 | AK5: 3.27 | AL5: 3.34 | AM5: 3.32 | AN5: 3.76 | AO5: 2.21 | AP5: 3.57 | AQ5: 2.58 | AR5: 3.04 | AS5: 3.36 | AT5: 4.26 | AU5: 4.04 | AV5: 3.49 | AW5: 3.4 | AX5: 3.31 | AY5: 2.77 | AZ5: 3.8 | BA5: 3.72 | BB5: 3.75 | BC5: 3.25 | BD5: 3.82 | BE5: 2.27 | BF5: 3.28 | BG5: 3.36 | BH5: 2.96 | BI5: 3.28 | BJ5: 4.11 | BK5: 3.68 | BL5: 3.88 | BM5: 3.74 | BN5: 3.74 | BO5: 3.84 | BP5: 2.74 | BQ5: 3.57 | BR5: 3.55 | BS5: 3.79 | BT5: 4.15 | BU5: 3.43 | BV5: 4.14 | BW5: 3.2 | BX5: 4 | BY5: 3.3 | BZ5: 3.6 | CA5: 3.45 | CB5: 3.4 | CC5: 3.05 | CD5: 3.23 | CE5: 3.16 | CF5: 3.7 | CG5: 3.61 | CH5: 3.24
A6: Devrim | B6: 2.19 | C6: 2.33 | D6: 1.89 | E6: 2.56 | F6: 1.75 | G6: 2.78 | H6: 1.87 | I6: 2.3 | J6: 2.97 | K6: 3.52 | L6: 3.13 | M6: 2.35 | N6: 2.12 | O6: 2.09 | P6: 1.53 | Q6: 2.03
A7: Farhad | B7: 3.53 | C7: 4.56 | D7: 4.45 | E7: 4.12 | F7: 5.03 | G7: 3.92 | H7: 4.04 | I7: 2.54 | J7: 4.85 | K7: 3.69 | L7: 5.31 | M7: 4.14 | N7: 3.08 | O7: 4.57 | P7: 4.33 | Q7: 5.29 | R7: 2.92 | S7: 5.07 | T7: 4.39 | U7: 4.69 | V7: 4.13 | W7: 3.06 | X7: 5.55 | Y7: 3.07 | Z7: 5.08 | AA7: 5.25 | AB7: 5.59 | AC7: 4.25 | AD7: 3.42 | AE7: 5.22 | AF7: 4.35 | AG7: 2.65 | AH7: 3.65 | AI7: 3.68 | AJ7: 4.24 | AK7: 4.08 | AL7: 5.23 | AM7: 4.54 | AN7: 4.25 | AO7: 4.76 | AP7: 5.17 | AQ7: 4.04 | AR7: 5.23 | AS7: 3.07 | AT7: 4.95 | AU7: 4.94 | AV7: 4.23 | AW7: 4.47 | AX7: 4.02 | AY7: 3.99 | AZ7: 4.4 | BA7: 3.68 | BB7: 4.1 | BC7: 4.46 | BD7: 4.56 | BE7: 5.19 | BF7: 4.2 | BG7: 3.85 | BH7: 5.52 | BI7: 3.4 | BJ7: 5.35 | BK7: 5.43 | BL7: 4.24 | BM7: 4.66 | BO7: 4.34 | BP7: 5.05 | BQ7: 4.99 | BR7: 3.5 | BS7: 3.38 | BT7: 4.54 | BU7: 4.58 | BV7: 4.05 | BW7: 5.34 | BX7: 3.21 | BY7: 4.73 | BZ7: 4.71 | CA7: 4.13 | CB7: 4.38 | CC7: 3.32 | CD7: 4.98 | CE7: 4.69 | CF7: 4.27 | CG7: 4.78 | CH7: 4.32
A8: Ömer | B8: 1.73 | C8: 4.57 | D8: 3.76 | E8: 4.21 | F8: 4.03 | G8: 3.58 | H8: 2.87 | I8: 3.18 | J8: 4.35 | K8: 4.73 | L8: 4.07 | M8: 1.86 | N8: 2.34 | O8: 2.22 | P8: 3.58 | Q8: 3.69 | R8: 3.19 | S8: 3.34 | T8: 2.9 | U8: 2.72 | V8: 2.73 | W8: 2.16 | X8: 3.14 | Y8: 1.35 | Z8: 2.12 | AA8: 3.17 | AB8: 2.51 | AC8: 3.09 | AD8: 2.52 | AE8: 2.84 | AF8: 2.43 | AG8: 2.78 | AH8: 1.68 | AI8: 2.2 | AJ8: 2.61 | AK8: 3 | AL8: 2.44 | AM8: 2.22 | AN8: 3.64 | AO8: 3.26 | AP8: 2.71 | AQ8: 1.81 | AR8: 2.92 | AS8: 2.95 | AT8: 1.94 | AU8: 1.9 | AV8: 1.71 | AW8: 2.3 | AX8: 2.69 | AY8: 2.21 | AZ8: 2.49 | BA8: 3.17 | BB8: 1.84 | BC8: 2.11 | BD8: 2.93 | BE8: 2.63 | BF8: 2.98 | BG8: 1.96 | BH8: 3.2 | BI8: 3.39 | BJ8: 4.29 | BK8: 2.97 | BL8: 3.14 | BM8: 3.23 | BN8: 2.42 | BO8: 2.92 | BP8: 2.61 | BQ8: 4.57
A9: Batuhan | B9: 2.41 | C9: 3.05 | D9: 1.73 | E9: 3.52 | F9: 1.59 | G9: 1.69 | H9: 1.68 | I9: 1.96 | J9: 2.97 | K9: 1.78 | L9: 3.24 | M9: 3.55 | N9: 2.24 | O9: 2.87 | P9: 2.69 | Q9: 2.26
A10: Malik | B10: 2.58 | C10: 4.75 | D10: 4.37 | E10: 4.5 | F10: 3.41 | G10: 3.02 | H10: 1.64 | I10: 3.87 | J10: 3.01 | K10: 3.57 | L10: 3.48 | M10: 3.27 | N10: 3.52 | O10: 3.21 | P10: 3.59 | Q10: 2.75 | R10: 3.26 | S10: 4.45 | T10: 4.74 | U10: 4.01 | V10: 4.29 | W10: 2.33 | X10: 3.58 | Y10: 3.75 | Z10: 3.36 | AA10: 3.38 | AB10: 3.53 | AC10: 4.48 | AD10: 3.06 | AE10: 3.7 | AF10: 4.5 | AG10: 3.92 | AH10: 1.56 | AI10: 2.52 | AJ10: 4.09 | AK10: 4.87 | AL10: 3.15 | AM10: 3.9 | AN10: 4.25 | AO10: 2.67 | AP10: 2.61 | AQ10: 3.55 | AR10: 3.64 | AS10: 2.45 | AT10: 3.58 | AU10: 2.66 | AV10: 3.26 | AW10: 4.52 | AX10: 3.7 | AY10: 4.26 | AZ10: 4.09 | BA10: 2.49 | BB10: 4.06 | BC10: 3.35 | BD10: 3.87 | BE10: 3.16 | BF10: 3.1 | BG10: 4.71 | BH10: 3.8 | BI10: 4.95 | BJ10: 4.43 | BK10: 3.07 | BL10: 4.97 | BM10: 4.79 | BN10: 3.17 | BO10: 3.85 | BP10: 4.2 | BQ10: 4.57 | BR10: 3.85 | BS10: 4.87 | BT10: 2.27 | BU10: 4.46 | BV10: 5.12 | BW10: 4.91 | BX10: 4.66 | BY10: 3.91 | BZ10: 2.86 | CA10: 5.22 | CB10: 3.66 | CC10: 3.27 | CD10: 3.09 | CE10: 3.68 | CF10: 3.32 | CG10: 3.38 | CH10: 2.22
A11: Yasemin | S11: 2.52 | T11: 2.28 | U11: 2.1 | V11: 2.38 | W11: 1.27 | X11: 0.87 | Y11: 2.36 | Z11: 1.14
A12: Yılmaz | T12: 2.07 | U12: 4.13 | V12: 0 | W12: 3.98 | X12: 3.43 | Y12: 4.53 | Z12: 1.27 | AA12: 3.03 | AB12: 2.9 | AC12: 3.32 | AD12: 3.01 | AE12: 3.25 | AF12: 2.59 | AG12: 2.79 | AH12: 2.33 | AI12: 4.5 | AJ12: 3.81 | AK12: 3.73 | AL12: 2.02 | AM12: 4.33 | AN12: 4.43 | AO12: 3.37 | AP12: 4.05 | AQ12: 2.33 | AR12: 2.27 | AS12: 2.16 | AT12: 3.92 | AU12: 3.32 | AV12: 4.2 | AW12: 3.33 | AX12: 3.34 | AY12: 3.48 | AZ12: 3.42 | BA12: 3.39 | BB12: 2.98 | BC12: 4.33 | BD12: 5.42 | BE12: 4.52 | BF12: 5.44 | BG12: 4.23 | BH12: 4.38 | BI12: 4.05 | BJ12: 4.56 | BK12: 4.59 | BL12: 4.42 | BM12: 3.31 | BN12: 2.78 | BO12: 3.77 | BP12: 3.27 | BQ12: 5.27 | BR12: 5.08 | BS12: 3.03 | BT12: 2.59 | BU12: 4.03 | BV12: 3.73 | BW12: 4.18 | BX12: 3.93 | BY12: 2.75 | BZ12: 3.62 | CA12: 3.09 | CB12: 3.18 | CC12: 2.73 | CD12: 3.53 | CE12: 3.69 | CF12: 4.21 | CG12: 3.61 | CH12: 3.58
A14: Furkan | BT14: 1.42 | BU14: 2.58 | BV14: 1.5 | BW14: 2.4 | BX14: 2.32 | BY14: 3.42 | BZ14: 1.64 | CA14: 1.64 | CB14: 2.19 | CC14: 2.46 | CD14: 2.21 | CE14: 2.45 | CF14: 2.5 | CG14: 1.64 | CH14: 2.21
A16: EKİP ORTALAMASI | B16: =(B3+B5+B6+B7+B9+B10)/6 -> 2.6966667 | C16: =(C4+C5+C6+C7+C8+C9)/6 -> 3.3216667 | D16: =(D4+D5+D6+D10+D8+D9)/6 -> 2.9 | E16: =(E4+E5+E6+E7+E8+E9)/6 -> 3.095 | F16: =(F4+F5+F6+F10+F8+F9)/6 -> 2.7833333 | G16: =(G4+G5+G6+G10+G8+G9)/6 -> 2.8283333 | H16: 2.61 | I16: 2.69 | J16: 3.61 | K16: 3.33 | L16: 3.44 | M16: 3.04 | N16: 2.57 | O16: 3 | P16: 3.14 | Q16: 2.78 | R16: 3.23 | S16: 3.35 | T16: 3.21 | U16: 3.61 | V16: 3.64 | W16: 2.66 | X16: 3.49 | Y16: 3.06 | Z16: 2.68 | AA16: 3.31 | AB16: 3.45 | AC16: 3.67 | AD16: 3.05 | AE16: 3.16 | AF16: 3.26 | AG16: 3.15 | AH16: 2.4 | AI16: 3.13 | AJ16: 3.67 | AK16: 3.58 | AL16: 2.82 | AM16: 3.41 | AN16: 4.06 | AO16: 2.82 | AP16: 3.45 | AQ16: 2.9 | AR16: 3.29 | AS16: 3.14 | AT16: 3.63 | AU16: 3.68 | AV16: 3.4 | AW16: 3.58 | AX16: 3.22 | AY16: 3.14 | AZ16: 3.54 | BA16: 3.29 | BB16: 3.34 | BC16: 3.57 | BD16: 4.03 | BE16: 3.8 | BF16: 3.49 | BG16: 3.72 | BH16: 3.7 | BI16: 3.68 | BJ16: 4.24 | BK16: 3.9 | BL16: 3.98 | BM16: 4.15 | BN16: 3.05 | BO16: 3.84 | BP16: 3.66 | BQ16: 4.37 | BR16: 3.93 | BS16: 3.64 | BT16: 2.83 | BU16: 3.58 | BV16: 3.49 | BW16: 3.8 | BX16: 3.98 | BY16: 3.45 | BZ16: 3.42 | CA16: 3.88 | CB16: 3.65 | CC16: 3.02 | CD16: 3.41 | CE16: 3.36 | CF16: 3.37 | CG16: 3.26 | CH16: 3.27
A18: Kudo şampiyonu | B18: Devrim | C18: Malik | D18: Malik | E18: Ömer | F18: Emre, Farhad, Malik | G18: Farhad | H18: Farhad | I18: Devrim-Batuhan-Malik | J18: Emre | K18: Devrim-farhad-ömer-malik | L18: devrim | M18: islam | N18: farhad | O18: islam | P18: farhad | Q18: farhad | R18: Malik | S18: Yasemin | T18: Emre-Malik | U18: Yılmaz | V18: Malik-Murat | W18: Emre | X18: Farhad | Y18: Murat | Z18: Murat | AA18: Farhad-Ömer | AB18: Farhad | AC18: Malik | AD18: Selim | AE18: Farhad | AF18: Malik | AG18: Malik | AH18: Emre | AI18: İslam | AJ18: Yılmaz | AK18: Malik | AL18: Malik | AM18: HERKES | AN18: Yılmaz | AO18: İslam-Farhad | AP18: batuhan | AQ18: farhad-malik | AR18: Murat | AS18: YAPILMADI | AT18: Yılmaz | AU18: yapılmadı | AV18: İslam | AW18: Özge | AX18: Emre | AY18: Malik-Yılmaz | AZ18: Emre | BA18: Emre | BB18: Emre | BC18: Melis | BD18: Burak | BE18: Farhad | BF18: Yılmaz | BG18: Nazlı | BH18: Farhad | BI18: Burak | BJ18: Ömer-Yılmaz | BK18: Burak | BL18: Malik | BM18: Ömer-Emre-İslam-Malik | BN18: Emre | BO18: Emre | BP18: Farhad | BQ18: Yılmaz | BR18: Murat-Yılmaz | BS18: Malik | BT18: Emre | BU18: - | BV18: Malik | BW18: Malik | BX18: Malik-Yılmaz | BY18: Malik | BZ18: Emre-Farhad | CA18: Malik | CB18: Farhad | CC18: İslam-Malik | CD18: Murat | CE18: - | CF18: Emre | CG18: Farhad | CH18: İslam
A19: KPI Şampiyonu | B19: Murat | C19: Malik | D19: Farhad | E19: Malik | F19: Farhad | G19: Farhad | H19: İslam-Murat | I19: Malik-Murat | J19: Murat | K19: Ömer | L19: farhad | M19: murat | N19: malik | O19: farhad | P19: farhad | Q19: farhad | R19: Emre | S19: Farhad | T19: Malik | U19: Farhad | V19: Murat | W19: Yılmaz | X19: Farhad | Y19: Yılmaz | Z19: Farhad | AA19: Farhad | AB19: Farhad | AC19: Malik | AD19: Murat | AE19: Farhad | AF19: Malik | AG19: Emre | AH19: Farhad | AI19: Yılmaz | AJ19: Murat | AK19: Malik | AL19: Farhad | AM19: Farhad | AN19: İslam | AO19: Farhad | AP19: Farhad | AQ19: murat | AR19: Farhad | AS19: Farhad | AT19: Farhad | AU19: Farhad | AV19: Farhad | AW19: Malik | AX19: Farhad | AY19: Malik | AZ19: Farhad | BA19: Murat | BB19: Farhad | BC19: Murat | BD19: Yılmaz | BE19: İslam | BF19: Yılmaz | BG19: Murat | BH19: Farhad | BI19: Malik | BJ19: Farhad | BK19: Farhad | BL19: Malik | BM19: Murat | BN19: Emre | BO19: Murat | BP19: Farhad | BQ19: Yılmaz | BR19: Yılmaz | BS19: Malik | BT19: Farhad | BU19: Farhad | BV19: Malik | BW19: Farhad | BX19: Malik | BY19: Farhad | BZ19: Farhad | CA19: Murat | CB19: Murat | CC19: Murat | CD19: Murat | CE19: Farhad | CF19: Farhad | CG19: Farhad | CH19: İslam
AV21: 2-6 EYLÜL IT CAMP
K23: 1 | L23: 1 | M23: 1 | N23: 1 | BM23: 2022-2023-2024 VERİLERİ GİZLENMİŞTİR, | BR23: en düşük
K24: 1 | L24: 1 | BM24: İHTİYAÇ HALİNDE AÇABİLİRSİNİZ | BR24: ortalama altı
BR25: en yüksek
G31: kpı
G32: farhad | H32: 1 | I32: 1 | J32: 1 | K32: 1 | L32: 1 | M32: 1 | N32: 1 | O32: 1
G33: islam | H33: 1
G34: murat | H34: 1 | I34: 1 | J34: 1 | K34: 1
G35: malik | H35: 1 | I35: 1 | J35: 1
G36: ömer | H36: 1
G37: emre | H37: 1

Sheet 2024
E1: KODLANAN MADDE SAYISI
E2: 45593 | F2: 45579 | G2: 45565 | H2: 45915 | I2: 45901 | J2: 45509 | L2: 45481 | O2: 20 MAYIS | U2: 45341 | AA2: 2024 | AC2: 11 ARALIK | AG2: 45581 | AK2: 45518 | AO2: 12 HAZİRAN | AR2: 2 MAYIS | AV2: 45371 | AX2: 45342
A3: İslam | B3: ='9-22 Aralık 2024'!B2 -> 1 | C3: ='25 Kasım-8 Aralık 2024'!B2 -> 7 | D3: ='11_24 Kasım 2024'!B2 -> 9 | E3: ='30 Ekim-10 Kasım 2024'!B2 -> 5 | F3: ='14_29 Ekim 2024'!B2 -> 9 | G3: ='30 Eylül-13 Ekim 2024'!B2 -> 10 | H3: ='2-29 Eylül 2024'!B2 -> 8 | I3: ='19-30 Ağustos 2024'!B2 -> 4 | J3: ='5-18 Ağustos 2024'!B2 -> 3 | K3: ='22 Temmuz-4 Ağustos 2024'!B2 -> 5 | L3: ='8-21 Temmuz 2024'!B2 -> 5 | M3: ='17 Haziran-7 Temmuz 2024'!B2 -> 4 | N3: ='3-16 Haziran 2024'!B2 -> 4 | O3: ='20 Mayıs-2 Haziran 2024'!B2 -> 1 | P3: ='6-19 MAYIS'!B2 -> 8 | Q3: ='22 NİSAN-5 MAYIS'!B2 -> 6 | R3: ='1-21 Nisan 2024'!B2 -> 4 | S3: ='18-31 Mart 2024'!B2 -> 3 | T3: ='4-17 Mart 2024'!B2 -> 6 | U3: ='19 şubat-3 Mart 2024'!B2 -> 13 | V3: ='5 şubat-18 Şubat 2024'!B2 -> 9 | W3: ='22 Ocak-4 Şubat 2024'!B2 -> 12 | X3: ='8 Ocak-21 Ocak 2024'!B2 -> 6 | Y3: ='25Aralık 2023-7 Ocak 2024'!B2 -> 1 | AA3: =SUM(D3:Y3) -> 135 | AC3: ='11 Aralık-24Aralık 2023'!B2 -> 7 | AD3: ='27 Kasım-10 Aralık'!B2 -> 5 | AE3: ='13 Kasım-26 Kasım'!B2 -> 11 | AF3: ='30 Ekim-12 Kasım'!B2 -> 14 | AG3: ='16-29 Ekim'!B2 -> 5 | AH3: ='2 Ekim-15 Ekim 2023 '!B2 -> 7 | AI3: ='18 Eylül-1 Ekim 2023'!B2 -> 4 | AJ3: ='28 Ağustos-17 Eylül 2023'!B2 -> 5 | AK3: ='14-27 Ağustos'!B2 -> 8 | AL3: ='31 Temmuz-13 Ağustos'!B2 -> 13 | AM3: ='17 Temmuz-30 Temmuz 2023'!B2 -> 8 | AN3: ='26 Haziran-16Temmuz 2023'!B2 -> 9 | AO3: ='12-25 Haziran 2023'!B2 -> 11 | AP3: ='29 mayıs-11 Haziran 2023'!B2 -> 6 | AQ3: ='15 mayıs-28 mayıs 2023'!B2 -> 10 | AR3: ='2 mayıs-14 mayıs 2023'!B2 -> 13 | AS3: ='17 nisan-1 mayıs 2023'!B2 -> 5 | AT3: ='17 nisan-1 mayıs 2023'!B2 -> 5 | AU3: ='3-16 nisan 2023'!B2 -> 2 | AV3: ='20 Mart-2 nisan 2023'!B2 -> 5 | AW3: ='6 mart-19 mart 2023'!B2 -> 12 | AX3: ='20 şubat-5 mart 2023'!B2 -> 9 | AY3: ='23 ocak-17 şubat'!B2 -> 16 | AZ3: ='26 aralık-20 ocak'!B2 -> 11 | BB3: =SUM(AC3:AZ3) -> 201
A4: MuratSaç | B4: ='9-22 Aralık 2024'!B3 -> 3 | C4: ='25 Kasım-8 Aralık 2024'!B3 -> 6 | D4: ='11_24 Kasım 2024'!B3 -> 10 | E4: ='30 Ekim-10 Kasım 2024'!B3 -> 5 | F4: ='14_29 Ekim 2024'!B3 -> 8 | G4: ='30 Eylül-13 Ekim 2024'!B3 -> 2 | H4: ='2-29 Eylül 2024'!B3 -> 8 | I4: ='19-30 Ağustos 2024'!B3 -> 4 | J4: ='5-18 Ağustos 2024'!B3 -> 3 | K4: ='22 Temmuz-4 Ağustos 2024'!B3 -> 1 | L4: ='8-21 Temmuz 2024'!B3 -> 1 | M4: ='17 Haziran-7 Temmuz 2024'!B3 -> 1 | N4: ='3-16 Haziran 2024'!B3 -> 6 | O4: ='20 Mayıs-2 Haziran 2024'!B3 -> 3 | P4: ='6-19 MAYIS'!B3 -> 4 | Q4: ='22 NİSAN-5 MAYIS'!B3 -> 3 | R4: ='1-21 Nisan 2024'!B3 -> 4 | S4: ='18-31 Mart 2024'!B3 -> 1 | T4: ='4-17 Mart 2024'!B3 -> 4 | U4: ='19 şubat-3 Mart 2024'!B3 -> 4 | V4: ='5 şubat-18 Şubat 2024'!B3 -> 1 | W4: ='22 Ocak-4 Şubat 2024'!B3 -> 2 | X4: ='8 Ocak-21 Ocak 2024'!B3 -> 4 | Y4: ='25Aralık 2023-7 Ocak 2024'!B3 -> 3 | AA4: =SUM(D4:Y4) -> 82 | AC4: ='11 Aralık-24Aralık 2023'!B3 -> 6 | AD4: ='27 Kasım-10 Aralık'!B3 -> 2 | AE4: ='13 Kasım-26 Kasım'!B3 -> 5 | AF4: ='30 Ekim-12 Kasım'!B3 -> 4 | AG4: ='16-29 Ekim'!B3 -> 7 | AH4: ='2 Ekim-15 Ekim 2023 '!B3 -> 0 | AI4: ='18 Eylül-1 Ekim 2023'!B3 -> 4 | AJ4: ='28 Ağustos-17 Eylül 2023'!B3 -> 3 | AK4: ='14-27 Ağustos'!B3 -> 6 | AL4: ='31 Temmuz-13 Ağustos'!B3 -> 9 | AM4: ='17 Temmuz-30 Temmuz 2023'!B3 -> 4 | AN4: ='26 Haziran-16Temmuz 2023'!B3 -> 3 | AO4: ='12-25 Haziran 2023'!B3 -> 7 | AP4: ='29 mayıs-11 Haziran 2023'!B3 -> 8 | AQ4: ='15 mayıs-28 mayıs 2023'!B3 -> 10 | AR4: ='2 mayıs-14 mayıs 2023'!B3 -> 5 | AS4: ='17 nisan-1 mayıs 2023'!B3 -> 8 | AT4: ='17 nisan-1 mayıs 2023'!B3 -> 8 | AU4: ='3-16 nisan 2023'!B3 -> 11 | AV4: ='20 Mart-2 nisan 2023'!B3 -> 8 | AW4: ='6 mart-19 mart 2023'!B3 -> 6 | AX4: ='20 şubat-5 mart 2023'!B3 -> 11 | AY4: ='23 ocak-17 şubat'!B3 -> 24 | AZ4: ='26 aralık-20 ocak'!B3 -> 18 | BB4: =SUM(AC4:AZ4) -> 177
A5: Emre | B5: ='9-22 Aralık 2024'!B4 -> 16 | C5: ='25 Kasım-8 Aralık 2024'!B4 -> 15 | D5: ='11_24 Kasım 2024'!B4 -> 13 | E5: ='30 Ekim-10 Kasım 2024'!B4 -> 5 | F5: ='14_29 Ekim 2024'!B4 -> 17 | G5: ='30 Eylül-13 Ekim 2024'!B4 -> 16 | H5: ='2-29 Eylül 2024'!B4 -> 10 | I5: ='19-30 Ağustos 2024'!B4 -> 10 | J5: ='5-18 Ağustos 2024'!B4 -> 9 | K5: ='22 Temmuz-4 Ağustos 2024'!B4 -> 16 | L5: ='8-21 Temmuz 2024'!B4 -> 21 | M5: ='17 Haziran-7 Temmuz 2024'!B4 -> 13 | N5: ='3-16 Haziran 2024'!B4 -> 17 | O5: ='20 Mayıs-2 Haziran 2024'!B4 -> 9 | P5: ='6-19 MAYIS'!B4 -> 12 | Q5: ='22 NİSAN-5 MAYIS'!B4 -> 12 | R5: ='1-21 Nisan 2024'!B4 -> 6 | S5: ='18-31 Mart 2024'!B4 -> 18 | T5: ='4-17 Mart 2024'!B4 -> 15 | U5: ='19 şubat-3 Mart 2024'!B4 -> 13 | V5: ='5 şubat-18 Şubat 2024'!B4 -> 10 | W5: ='22 Ocak-4 Şubat 2024'!B4 -> 15 | X5: ='8 Ocak-21 Ocak 2024'!B4 -> 14 | Y5: ='25Aralık 2023-7 Ocak 2024'!B4 -> 9 | AA5: =SUM(D5:Y5) -> 280 | AC5: ='11 Aralık-24Aralık 2023'!B4 -> 11 | AD5: ='27 Kasım-10 Aralık'!B4 -> 17 | AE5: ='13 Kasım-26 Kasım'!B4 -> 14 | AF5: ='30 Ekim-12 Kasım'!B4 -> 15 | AG5: ='16-29 Ekim'!B4 -> 5 | AH5: ='2 Ekim-15 Ekim 2023 '!B4 -> 4 | AI5: ='18 Eylül-1 Ekim 2023'!B4 -> 8 | AJ5: ='28 Ağustos-17 Eylül 2023'!B4 -> 11 | AK5: ='14-27 Ağustos'!B4 -> 10 | AL5: ='31 Temmuz-13 Ağustos'!B4 -> 8 | AM5: ='17 Temmuz-30 Temmuz 2023'!B4 -> 14 | AN5: ='26 Haziran-16Temmuz 2023'!B4 -> 13 | AO5: ='12-25 Haziran 2023'!B4 -> 13 | AP5: ='29 mayıs-11 Haziran 2023'!B4 -> 11 | AQ5: ='15 mayıs-28 mayıs 2023'!B4 -> 14 | AR5: ='2 mayıs-14 mayıs 2023'!B4 -> 10 | AS5: ='17 nisan-1 mayıs 2023'!B4 -> 9 | AT5: ='17 nisan-1 mayıs 2023'!B4 -> 9 | AU5: ='3-16 nisan 2023'!B4 -> 17 | AV5: ='20 Mart-2 nisan 2023'!B4 -> 6 | AW5: ='6 mart-19 mart 2023'!B4 -> 13 | AX5: ='20 şubat-5 mart 2023'!B4 -> 18 | AY5: ='23 ocak-17 şubat'!B4 -> 24 | AZ5: ='26 aralık-20 ocak'!B4 -> 15 | BB5: =SUM(AC5:AZ5) -> 289
A6: Farhad | B6: ='9-22 Aralık 2024'!B5 -> 5 | C6: ='25 Kasım-8 Aralık 2024'!B5 -> 5 | D6: ='11_24 Kasım 2024'!B5 -> 12 | E6: ='30 Ekim-10 Kasım 2024'!B5 -> 12 | F6: ='14_29 Ekim 2024'!B5 -> 16 | G6: ='30 Eylül-13 Ekim 2024'!B5 -> 9 | H6: ='2-29 Eylül 2024'!B5 -> 23 | I6: ='19-30 Ağustos 2024'!B5 -> 2 | J6: ='5-18 Ağustos 2024'!B5 -> 5 | K6: ='22 Temmuz-4 Ağustos 2024'!B5 -> 12 | L6: ='8-21 Temmuz 2024'!B5 -> 8 | M6: ='17 Haziran-7 Temmuz 2024'!B5 -> 5 | N6: ='3-16 Haziran 2024'!B5 -> 2 | O6: ='20 Mayıs-2 Haziran 2024'!B5 -> 1 | P6: ='6-19 MAYIS'!B5 -> 5 | Q6: ='22 NİSAN-5 MAYIS'!B5 -> 2 | R6: ='1-21 Nisan 2024'!B5 -> 6 | S6: ='18-31 Mart 2024'!B5 -> 6 | T6: ='4-17 Mart 2024'!B5 -> 4 | U6: ='19 şubat-3 Mart 2024'!B5 -> 6 | V6: ='5 şubat-18 Şubat 2024'!B5 -> 7 | W6: ='22 Ocak-4 Şubat 2024'!B5 -> 2 | X6: ='8 Ocak-21 Ocak 2024'!B5 -> 6 | Y6: ='25Aralık 2023-7 Ocak 2024'!B5 -> 7 | AA6: =SUM(D6:Y6) -> 158 | AC6: ='11 Aralık-24Aralık 2023'!B5 -> 4 | AD6: ='27 Kasım-10 Aralık'!B5 -> 7 | AE6: ='13 Kasım-26 Kasım'!B5 -> 1 | AF6: ='30 Ekim-12 Kasım'!B5 -> 8 | AG6: ='16-29 Ekim'!B5 -> 8 | AH6: ='2 Ekim-15 Ekim 2023 '!B5 -> 6 | AI6: ='18 Eylül-1 Ekim 2023'!B5 -> 8 | AJ6: ='28 Ağustos-17 Eylül 2023'!B5 -> 5 | AK6: ='14-27 Ağustos'!B5 -> 2 | AL6: ='31 Temmuz-13 Ağustos'!B5 -> 5 | AM6: ='17 Temmuz-30 Temmuz 2023'!B5 -> 4 | AN6: ='26 Haziran-16Temmuz 2023'!B5 -> 7 | AO6: ='12-25 Haziran 2023'!B5 -> 4 | AP6: ='29 mayıs-11 Haziran 2023'!B5 -> 12 | AQ6: ='15 mayıs-28 mayıs 2023'!B5 -> 8 | AR6: ='2 mayıs-14 mayıs 2023'!B5 -> 14 | AS6: ='17 nisan-1 mayıs 2023'!B5 -> 8 | AT6: ='17 nisan-1 mayıs 2023'!B5 -> 8 | AU6: ='3-16 nisan 2023'!B5 -> 5 | AV6: ='20 Mart-2 nisan 2023'!B5 -> 6 | AW6: ='6 mart-19 mart 2023'!B5 -> 10 | AX6: ='20 şubat-5 mart 2023'!B5 -> 6 | AY6: ='23 ocak-17 şubat'!B5 -> 16 | AZ6: ='26 aralık-20 ocak'!B5 -> 19 | BB6: =SUM(AC6:AZ6) -> 181
A7: Ömer | B7: ='9-22 Aralık 2024'!B6 -> 8 | C7: ='25 Kasım-8 Aralık 2024'!B6 -> 11 | D7: ='11_24 Kasım 2024'!B6 -> 14 | E7: ='30 Ekim-10 Kasım 2024'!B6 -> 13 | F7: ='14_29 Ekim 2024'!B6 -> 9 | G7: ='30 Eylül-13 Ekim 2024'!B6 -> 11 | H7: ='2-29 Eylül 2024'!B6 -> 11 | I7: ='19-30 Ağustos 2024'!B6 -> 5 | J7: ='5-18 Ağustos 2024'!B6 -> 9 | K7: ='22 Temmuz-4 Ağustos 2024'!B6 -> 8 | L7: ='8-21 Temmuz 2024'!B6 -> 12 | M7: ='17 Haziran-7 Temmuz 2024'!B6 -> 5 | N7: ='3-16 Haziran 2024'!B6 -> 12 | O7: ='20 Mayıs-2 Haziran 2024'!B6 -> 9 | P7: ='6-19 MAYIS'!B6 -> 11 | Q7: ='22 NİSAN-5 MAYIS'!B6 -> 10 | R7: ='1-21 Nisan 2024'!B6 -> 16 | S7: ='18-31 Mart 2024'!B6 -> 8 | T7: ='4-17 Mart 2024'!B6 -> 17 | U7: ='19 şubat-3 Mart 2024'!B6 -> 11 | V7: ='5 şubat-18 Şubat 2024'!B6 -> 9 | W7: ='22 Ocak-4 Şubat 2024'!B6 -> 17 | X7: ='8 Ocak-21 Ocak 2024'!B6 -> 11 | Y7: ='25Aralık 2023-7 Ocak 2024'!B6 -> 18 | AA7: =SUM(D7:Y7) -> 246 | AC7: ='11 Aralık-24Aralık 2023'!B6 -> 9 | AD7: ='27 Kasım-10 Aralık'!B6 -> 16 | AE7: ='13 Kasım-26 Kasım'!B6 -> 12 | AF7: ='30 Ekim-12 Kasım'!B6 -> 16 | AG7: ='16-29 Ekim'!B6 -> 7 | AH7: ='2 Ekim-15 Ekim 2023 '!B6 -> 2 | AI7: ='18 Eylül-1 Ekim 2023'!B6 -> 9 | AJ7: ='28 Ağustos-17 Eylül 2023'!B6 -> 12 | AK7: ='14-27 Ağustos'!B6 -> 7 | AL7: ='31 Temmuz-13 Ağustos'!B6 -> 7 | AM7: ='17 Temmuz-30 Temmuz 2023'!B6 -> 1 | AN7: ='26 Haziran-16Temmuz 2023'!B6 -> 12 | AO7: ='12-25 Haziran 2023'!B6 -> 15 | AP7: ='29 mayıs-11 Haziran 2023'!B6 -> 14 | AQ7: ='15 mayıs-28 mayıs 2023'!B6 -> 15 | AR7: ='2 mayıs-14 mayıs 2023'!B6 -> 10 | AS7: ='17 nisan-1 mayıs 2023'!B6 -> 7 | AT7: ='17 nisan-1 mayıs 2023'!B6 -> 7 | AU7: ='3-16 nisan 2023'!B6 -> 7 | AV7: ='20 Mart-2 nisan 2023'!B6 -> 5 | AW7: ='6 mart-19 mart 2023'!B6 -> 16 | AX7: ='20 şubat-5 mart 2023'!B6 -> 14 | AY7: ='23 ocak-17 şubat'!B6 -> 18 | AZ7: ='26 aralık-20 ocak'!B6 -> 20 | BB7: =SUM(AC7:AZ7) -> 258
A8: Malik | B8: ='9-22 Aralık 2024'!B7 -> 9 | C8: ='25 Kasım-8 Aralık 2024'!B7 -> 3 | D8: ='11_24 Kasım 2024'!B7 -> 8 | E8: ='30 Ekim-10 Kasım 2024'!B7 -> 13 | F8: ='14_29 Ekim 2024'!B7 -> 12 | G8: ='30 Eylül-13 Ekim 2024'!B7 -> 3 | H8: ='2-29 Eylül 2024'!B7 -> 5 | I8: ='19-30 Ağustos 2024'!B7 -> 8 | J8: ='5-18 Ağustos 2024'!B7 -> 13 | K8: ='22 Temmuz-4 Ağustos 2024'!B7 -> 3 | L8: ='8-21 Temmuz 2024'!B7 -> 2 | M8: ='17 Haziran-7 Temmuz 2024'!B7 -> 5 | N8: ='3-16 Haziran 2024'!B7 -> 5 | O8: ='20 Mayıs-2 Haziran 2024'!B7 -> 1 | P8: ='6-19 MAYIS'!B7 -> 4 | Q8: ='22 NİSAN-5 MAYIS'!B7 -> 7 | R8: ='1-21 Nisan 2024'!B7 -> 12 | S8: ='18-31 Mart 2024'!B7 -> 16 | T8: ='4-17 Mart 2024'!B7 -> 7 | U8: ='19 şubat-3 Mart 2024'!B7 -> 9 | V8: ='5 şubat-18 Şubat 2024'!B7 -> 4 | W8: ='22 Ocak-4 Şubat 2024'!B7 -> 10 | X8: ='8 Ocak-21 Ocak 2024'!B7 -> 7 | Y8: ='25Aralık 2023-7 Ocak 2024'!B7 -> 8 | AA8: =SUM(D8:Y8) -> 162 | AC8: ='11 Aralık-24Aralık 2023'!B7 -> 8 | AD8: ='27 Kasım-10 Aralık'!B7 -> 10 | AE8: ='13 Kasım-26 Kasım'!B7 -> 6 | AF8: ='30 Ekim-12 Kasım'!B7 -> 5 | AG8: ='16-29 Ekim'!B7 -> 4 | AH8: ='2 Ekim-15 Ekim 2023 '!B7 -> 7 | AI8: ='18 Eylül-1 Ekim 2023'!B7 -> 6 | AJ8: ='28 Ağustos-17 Eylül 2023'!B7 -> 4 | AK8: ='14-27 Ağustos'!B7 -> 9 | AL8: ='31 Temmuz-13 Ağustos'!B7 -> 6 | AM8: ='17 Temmuz-30 Temmuz 2023'!B7 -> 10 | AN8: ='26 Haziran-16Temmuz 2023'!B7 -> 11 | AO8: ='12-25 Haziran 2023'!B7 -> 5 | AP8: ='29 mayıs-11 Haziran 2023'!B7 -> 5 | AQ8: ='15 mayıs-28 mayıs 2023'!B7 -> 6 | AR8: ='2 mayıs-14 mayıs 2023'!B7 -> 9 | AS8: ='17 nisan-1 mayıs 2023'!B7 -> 4 | AT8: ='17 nisan-1 mayıs 2023'!B7 -> 4 | AU8: ='3-16 nisan 2023'!B7 -> 12 | AV8: ='20 Mart-2 nisan 2023'!B9 -> 10 | AW8: ='6 mart-19 mart 2023'!B9 -> 9 | AX8: ='20 şubat-5 mart 2023'!B7 -> 7 | AY8: ='23 ocak-17 şubat'!B7 -> 5 | AZ8: ='26 aralık-20 ocak'!B7 -> 18 | BB8: =SUM(AC8:AZ8) -> 180
A9: Yasemin | AG9: ='16-29 Ekim'!B8 -> 1 | AH9: ='2 Ekim-15 Ekim 2023 '!B8 -> 9 | AI9: ='18 Eylül-1 Ekim 2023'!B8 -> 3 | AJ9: ='28 Ağustos-17 Eylül 2023'!B8 -> 5 | AK9: ='14-27 Ağustos'!B8 -> 3 | AL9: ='31 Temmuz-13 Ağustos'!B8 -> 5 | AM9: ='17 Temmuz-30 Temmuz 2023'!B8 -> 5 | AN9: ='26 Haziran-16Temmuz 2023'!B8 -> 6 | AO9: ='12-25 Haziran 2023'!B8 | AP9: ='29 mayıs-11 Haziran 2023'!B8 | AQ9: ='15 mayıs-28 mayıs 2023'!B8 | AR9: ='2 mayıs-14 mayıs 2023'!B8 | AS9: ='17 nisan-1 mayıs 2023'!B8 | AT9: ='17 nisan-1 mayıs 2023'!B8 | AW9: ='6 mart-19 mart 2023'!B8 | AX9: ='20 şubat-5 mart 2023'!B8 | AY9: ='23 ocak-17 şubat'!B8 | AZ9: ='26 aralık-20 ocak'!B8 | BB9: =SUM(AC9:AZ9) -> 37
A10: Yılmaz | B10: ='9-22 Aralık 2024'!B8 -> 6 | C10: ='25 Kasım-8 Aralık 2024'!B8 -> 7 | D10: ='11_24 Kasım 2024'!B8 -> 7 | E10: ='30 Ekim-10 Kasım 2024'!B8 -> 18 | F10: ='14_29 Ekim 2024'!B8 -> 29 | G10: ='30 Eylül-13 Ekim 2024'!B8 -> 13 | H10: ='2-29 Eylül 2024'!B8 -> 19 | I10: ='19-30 Ağustos 2024'!B8 -> 9 | J10: ='5-18 Ağustos 2024'!B8 -> 6 | K10: ='22 Temmuz-4 Ağustos 2024'!B8 -> 11 | L10: ='8-21 Temmuz 2024'!B8 -> 4 | M10: ='17 Haziran-7 Temmuz 2024'!B8 -> 2 | N10: ='3-16 Haziran 2024'!B8 -> 6 | O10: ='20 Mayıs-2 Haziran 2024'!B8 -> 11 | P10: ='6-19 MAYIS'!B8 -> 17 | Q10: ='22 NİSAN-5 MAYIS'!B8 -> 10 | R10: ='1-21 Nisan 2024'!B8 -> 3 | S10: ='18-31 Mart 2024'!B8 -> 8 | T10: ='4-17 Mart 2024'!B8 -> 3 | U10: ='19 şubat-3 Mart 2024'!B8 -> 4 | V10: ='5 şubat-18 Şubat 2024'!B8 -> 6 | W10: ='22 Ocak-4 Şubat 2024'!B8 -> 9 | X10: ='8 Ocak-21 Ocak 2024'!B8 -> 7 | Y10: ='25Aralık 2023-7 Ocak 2024'!B8 -> 9 | AA10: =SUM(D10:Y10) -> 211 | AC10: ='11 Aralık-24Aralık 2023'!B8 -> 10 | AD10: ='27 Kasım-10 Aralık'!B8 -> 11 | AE10: ='13 Kasım-26 Kasım'!B8 -> 8 | AF10: ='30 Ekim-12 Kasım'!B8 -> 9 | AG10: ='16-29 Ekim'!B9 -> 4 | AH10: ='2 Ekim-15 Ekim 2023 '!B9 -> 9 | AI10: ='18 Eylül-1 Ekim 2023'!B9 -> 12 | AJ10: ='28 Ağustos-17 Eylül 2023'!B9 -> 13 | AK10: ='14-27 Ağustos'!B9 | AL10: ='31 Temmuz-13 Ağustos'!B9 -> 4 | AM10: ='17 Temmuz-30 Temmuz 2023'!B9 -> 7 | AN10: ='26 Haziran-16Temmuz 2023'!B9 | AO10: ='12-25 Haziran 2023'!B9 | AQ10: ='15 mayıs-28 mayıs 2023'!B9 | AR10: ='2 mayıs-14 mayıs 2023'!B9 | AS10: ='17 nisan-1 mayıs 2023'!B9 | AT10: ='17 nisan-1 mayıs 2023'!B9 | AX10: ='20 şubat-5 mart 2023'!B9 | AY10: ='23 ocak-17 şubat'!B9 | AZ10: ='26 aralık-20 ocak'!B9 | BB10: =SUM(AC10:AZ10) -> 87
A11: Devrim | B11: ='9-22 Aralık 2024'!B10 | D11: ='11_24 Kasım 2024'!B9 | AP11: ='29 mayıs-11 Haziran 2023'!B10 -> 2 | AQ11: ='15 mayıs-28 mayıs 2023'!B10 -> 4 | AR11: ='2 mayıs-14 mayıs 2023'!B10 -> 6 | AS11: ='17 nisan-1 mayıs 2023'!B10 -> 4 | AT11: ='17 nisan-1 mayıs 2023'!B10 -> 4 | AU11: ='3-16 nisan 2023'!B10 -> 8 | AV11: ='20 Mart-2 nisan 2023'!B10 -> 13 | AW11: ='6 mart-19 mart 2023'!B10 -> 12 | AX11: ='20 şubat-5 mart 2023'!B10 -> 12 | AY11: ='23 ocak-17 şubat'!B10 -> 16 | AZ11: ='26 aralık-20 ocak'!B10 -> 20 | BB11: =SUM(AC11:AZ11) -> 101
A12: Batuhan | B12: ='9-22 Aralık 2024'!B11 | AA12: =SUM(AA3:AA10) -> 1274 | AP12: ='29 mayıs-11 Haziran 2023'!B11 -> 1 | AQ12: ='15 mayıs-28 mayıs 2023'!B11 -> 10 | AR12: ='2 mayıs-14 mayıs 2023'!B11 -> 7 | AS12: ='17 nisan-1 mayıs 2023'!B11 -> 5 | AT12: ='17 nisan-1 mayıs 2023'!B11 -> 5 | AU12: ='3-16 nisan 2023'!B11 -> 13 | AV12: ='20 Mart-2 nisan 2023'!B11 -> 8 | AW12: ='6 mart-19 mart 2023'!B11 -> 5 | AX12: ='20 şubat-5 mart 2023'!B11 -> 4 | AY12: ='23 ocak-17 şubat'!B11 -> 9 | AZ12: ='26 aralık-20 ocak'!B11 -> 11 | BB12: =SUM(AC12:AZ12) -> 78
BB14: =SUM(BB3:BB12) -> 1589
E15: TOPLAM SCORE | AQ15: SP
A17: İslam | B17: ='9-22 Aralık 2024'!C2 -> 2.3 | C17: ='25 Kasım-8 Aralık 2024'!C2 -> 45.122 | D17: ='11_24 Kasım 2024'!C2 -> 41.82 | E17: ='30 Ekim-10 Kasım 2024'!C2 -> 34.825 | F17: ='14_29 Ekim 2024'!C2 -> 65.591 | G17: ='30 Eylül-13 Ekim 2024'!C2 -> 42.458 | H17: ='2-29 Eylül 2024'!C2 -> 86.81 | I17: ='19-30 Ağustos 2024'!C2 -> 76.6 | J17: ='5-18 Ağustos 2024'!C2 -> 71.055 | K17: ='22 Temmuz-4 Ağustos 2024'!C2 -> 72.52 | L17: ='8-21 Temmuz 2024'!C2 -> 60.25 | M17: ='17 Haziran-7 Temmuz 2024'!C2 -> 41 | N17: ='3-16 Haziran 2024'!C2 -> 60.692 | O17: ='20 Mayıs-2 Haziran 2024'!C2 -> 45 | P17: ='6-19 MAYIS'!C2 -> 114.596 | Q17: ='22 NİSAN-5 MAYIS'!C2 -> 35.375 | R17: ='1-21 Nisan 2024'!C2 -> 68.98 | S17: ='18-31 Mart 2024'!C2 -> 77.182 | T17: ='4-17 Mart 2024'!C2 -> 77.85 | U17: ='19 şubat-3 Mart 2024'!C2 -> 54.481 | V17: ='5 şubat-18 Şubat 2024'!C2 -> 55.5 | W17: ='22 Ocak-4 Şubat 2024'!C2 -> 76.789 | X17: ='8 Ocak-21 Ocak 2024'!C2 -> 73.098 | Y17: ='25Aralık 2023-7 Ocak 2024'!C2 -> 16 | AA17: =SUM(D17:Y17) -> 1348.472 | AC17: ='11 Aralık-24Aralık 2023'!C2 -> 44.92 | AD17: ='27 Kasım-10 Aralık'!C2 -> 56.546 | AE17: ='13 Kasım-26 Kasım'!C2 -> 52.453 | AF17: ='30 Ekim-12 Kasım'!C2 -> 43.428 | AG17: ='16-29 Ekim'!C2 -> 36.02 | AH17: ='2 Ekim-15 Ekim 2023 '!C2 -> 31.19 | AI17: ='18 Eylül-1 Ekim 2023'!C2 -> 87.599 | AJ17: ='28 Ağustos-17 Eylül 2023'!C2 -> 45.055 | AK17: ='14-27 Ağustos'!C2 -> 62.3 | AL17: ='31 Temmuz-13 Ağustos'!C2 -> 65.648 | AM17: ='17 Temmuz-30 Temmuz 2023'!C2 -> 63.009 | AN17: ='26 Haziran-16Temmuz 2023'!C2 -> 43.456 | AO17: ='12-25 Haziran 2023'!C2 -> 76.484 | AP17: ='29 mayıs-11 Haziran 2023'!C2 -> 39.39 | AQ17: ='15 mayıs-28 mayıs 2023'!C2 -> 6.5 | AR17: ='2 mayıs-14 mayıs 2023'!C2 -> 12.5 | AS17: ='17 nisan-1 mayıs 2023'!C2 -> 11 | AT17: ='17 nisan-1 mayıs 2023'!C2 -> 11 | AU17: ='3-16 nisan 2023'!C2 -> 5 | AV17: ='20 Mart-2 nisan 2023'!C2 -> 9.5 | AW17: ='6 mart-19 mart 2023'!C2 -> 18.5 | AX17: ='20 şubat-5 mart 2023'!C2 -> 11 | AY17: ='23 ocak-17 şubat'!C2 -> 45.5 | AZ17: ='26 aralık-20 ocak'!C2 -> 18.5 | BB17: =SUM(AC17:AP17) -> 747.498
A18: MuratSaç | B18: ='9-22 Aralık 2024'!C3 -> 61.54 | C18: ='25 Kasım-8 Aralık 2024'!C3 -> 66.348 | D18: ='11_24 Kasım 2024'!C3 -> 62.74 | E18: ='30 Ekim-10 Kasım 2024'!C3 -> 49.815 | F18: ='14_29 Ekim 2024'!C3 -> 46.76 | G18: ='30 Eylül-13 Ekim 2024'!C3 -> 63.58 | H18: ='2-29 Eylül 2024'!C3 -> 54.985 | I18: ='19-30 Ağustos 2024'!C3 -> 38.332 | J18: ='5-18 Ağustos 2024'!C3 -> 32.08 | K18: ='22 Temmuz-4 Ağustos 2024'!C3 -> 25 | L18: ='8-21 Temmuz 2024'!C3 -> 56.16 | M18: ='17 Haziran-7 Temmuz 2024'!C3 -> 60 | N18: ='3-16 Haziran 2024'!C3 -> 71.934 | O18: ='20 Mayıs-2 Haziran 2024'!C3 -> 17.6 | P18: ='6-19 MAYIS'!C3 -> 50.542 | Q18: ='22 NİSAN-5 MAYIS'!C3 -> 17.38 | R18: ='1-21 Nisan 2024'!C3 -> 34.538 | S18: ='18-31 Mart 2024'!C3 -> 40.848 | T18: ='4-17 Mart 2024'!C3 -> 65.13 | U18: ='19 şubat-3 Mart 2024'!C3 -> 20.838 | V18: ='5 şubat-18 Şubat 2024'!C3 -> 36.432 | W18: ='22 Ocak-4 Şubat 2024'!C3 -> 18.018 | X18: ='8 Ocak-21 Ocak 2024'!C3 -> 41 | Y18: ='25Aralık 2023-7 Ocak 2024'!C3 -> 40.48 | AA18: =SUM(D18:Y18) -> 944.192 | AC18: ='11 Aralık-24Aralık 2023'!C3 -> 54.104 | AD18: ='27 Kasım-10 Aralık'!C3 -> 38.388 | AE18: ='13 Kasım-26 Kasım'!C3 -> 74.574 | AF18: ='30 Ekim-12 Kasım'!C3 -> 41.988 | AG18: ='16-29 Ekim'!C3 -> 75.419 | AH18: ='2 Ekim-15 Ekim 2023 '!C3 -> 0 | AI18: ='18 Eylül-1 Ekim 2023'!C3 -> 73.764 | AJ18: ='28 Ağustos-17 Eylül 2023'!C3 -> 42.119 | AK18: ='14-27 Ağustos'!C3 -> 87.93 | AL18: ='31 Temmuz-13 Ağustos'!C3 -> 69.526 | AM18: ='17 Temmuz-30 Temmuz 2023'!C3 -> 26.456 | AN18: ='26 Haziran-16Temmuz 2023'!C3 -> 30.066 | AO18: ='12-25 Haziran 2023'!C3 -> 45.995 | AP18: ='29 mayıs-11 Haziran 2023'!C3 -> 39.023 | AQ18: ='15 mayıs-28 mayıs 2023'!C3 -> 7 | AR18: ='2 mayıs-14 mayıs 2023'!C3 -> 3 | AS18: ='17 nisan-1 mayıs 2023'!C3 -> 5.5 | AT18: ='17 nisan-1 mayıs 2023'!C3 -> 5.5 | AU18: ='3-16 nisan 2023'!C3 -> 15 | AV18: ='20 Mart-2 nisan 2023'!C3 -> 8.5 | AW18: ='6 mart-19 mart 2023'!C3 -> 4 | AX18: ='20 şubat-5 mart 2023'!C3 -> 14.5 | AY18: ='23 ocak-17 şubat'!C3 -> 26.5 | AZ18: ='26 aralık-20 ocak'!C3 -> 15 | BB18: =SUM(AC18:AP18) -> 699.352
A19: Emre | B19: ='9-22 Aralık 2024'!C4 -> 74.132 | C19: ='25 Kasım-8 Aralık 2024'!C4 -> 77.18 | D19: ='11_24 Kasım 2024'!C4 -> 81.52 | E19: ='30 Ekim-10 Kasım 2024'!C4 -> 55.76 | F19: ='14_29 Ekim 2024'!C4 -> 72.72 | G19: ='30 Eylül-13 Ekim 2024'!C4 -> 75.05 | H19: ='2-29 Eylül 2024'!C4 -> 114.704 | I19: ='19-30 Ağustos 2024'!C4 -> 69.57 | J19: ='5-18 Ağustos 2024'!C4 -> 89.588 | K19: ='22 Temmuz-4 Ağustos 2024'!C4 -> 69.565 | L19: ='8-21 Temmuz 2024'!C4 -> 58.785 | M19: ='17 Haziran-7 Temmuz 2024'!C4 -> 36.32 | N19: ='3-16 Haziran 2024'!C4 -> 70.86 | O19: ='20 Mayıs-2 Haziran 2024'!C4 -> 25.65 | P19: ='6-19 MAYIS'!C4 -> 82.44 | Q19: ='22 NİSAN-5 MAYIS'!C4 -> 50.37 | R19: ='1-21 Nisan 2024'!C4 -> 42.58 | S19: ='18-31 Mart 2024'!C4 -> 65.106 | T19: ='4-17 Mart 2024'!C4 -> 66.045 | U19: ='19 şubat-3 Mart 2024'!C4 -> 88.1 | V19: ='5 şubat-18 Şubat 2024'!C4 -> 64.395 | W19: ='22 Ocak-4 Şubat 2024'!C4 -> 80.978 | X19: ='8 Ocak-21 Ocak 2024'!C4 -> 80.674 | Y19: ='25Aralık 2023-7 Ocak 2024'!C4 -> 46.726 | AA19: =SUM(D19:Y19) -> 1487.506 | AC19: ='11 Aralık-24Aralık 2023'!C4 -> 74.208 | AD19: ='27 Kasım-10 Aralık'!C4 -> 79.885 | AE19: ='13 Kasım-26 Kasım'!C4 -> 92.408 | AF19: ='30 Ekim-12 Kasım'!C4 -> 80.861 | AG19: ='16-29 Ekim'!C4 -> 37.153 | AH19: ='2 Ekim-15 Ekim 2023 '!C4 -> 46.682 | AI19: ='18 Eylül-1 Ekim 2023'!C4 -> 75.291 | AJ19: ='28 Ağustos-17 Eylül 2023'!C4 -> 83.757 | AK19: ='14-27 Ağustos'!C4 -> 66.299 | AL19: ='31 Temmuz-13 Ağustos'!C4 -> 88.32 | AM19: ='17 Temmuz-30 Temmuz 2023'!C4 -> 86.3 | AN19: ='26 Haziran-16Temmuz 2023'!C4 -> 76.606 | AO19: ='12-25 Haziran 2023'!C4 -> 68.645 | AP19: ='29 mayıs-11 Haziran 2023'!C4 -> 67.96 | AQ19: ='15 mayıs-28 mayıs 2023'!C4 -> 11.5 | AR19: ='2 mayıs-14 mayıs 2023'!C4 -> 7 | AS19: ='17 nisan-1 mayıs 2023'!C4 -> 6.5 | AT19: ='17 nisan-1 mayıs 2023'!C4 -> 6.5 | AU19: ='3-16 nisan 2023'!C4 -> 12.5 | AV19: ='20 Mart-2 nisan 2023'!C4 -> 14 | AW19: ='6 mart-19 mart 2023'!C4 -> 7.5 | AX19: ='20 şubat-5 mart 2023'!C4 -> 11 | AY19: ='23 ocak-17 şubat'!C4 -> 24.5 | AZ19: ='26 aralık-20 ocak'!C4 -> 26 | BB19: =SUM(AC19:AP19) -> 1024.375
A20: Farhad | B20: ='9-22 Aralık 2024'!C5 -> 59.1 | C20: ='25 Kasım-8 Aralık 2024'!C5 -> 38.532 | D20: ='11_24 Kasım 2024'!C5 -> 63.932 | E20: ='30 Ekim-10 Kasım 2024'!C5 -> 46.12 | F20: ='14_29 Ekim 2024'!C5 -> 59.22 | G20: ='30 Eylül-13 Ekim 2024'!C5 -> 69.092 | H20: ='2-29 Eylül 2024'!C5 -> 96.779 | I20: ='19-30 Ağustos 2024'!C5 -> 32.2 | J20: ='5-18 Ağustos 2024'!C5 -> 49.07 | K20: ='22 Temmuz-4 Ağustos 2024'!C5 -> 58.08 | L20: ='8-21 Temmuz 2024'!C5 -> 83.824 | M20: ='17 Haziran-7 Temmuz 2024'!C5 -> 59.672 | N20: ='3-16 Haziran 2024'!C5 -> 80.872 | O20: ='20 Mayıs-2 Haziran 2024'!C5 -> 68.64 | P20: ='6-19 MAYIS'!C5 -> 51.82 | Q20: ='22 NİSAN-5 MAYIS'!C5 -> 53.37 | R20: ='1-21 Nisan 2024'!C5 -> 84.785 | S20: ='18-31 Mart 2024'!C5 -> 50.176 | T20: ='4-17 Mart 2024'!C5 -> 57.14 | U20: ='19 şubat-3 Mart 2024'!C5 -> 50.063 | V20: ='5 şubat-18 Şubat 2024'!C5 -> 51.925 | W20: ='22 Ocak-4 Şubat 2024'!C5 -> 9.56 | X20: ='8 Ocak-21 Ocak 2024'!C5 -> 51.839 | Y20: ='25Aralık 2023-7 Ocak 2024'!C5 -> 102.476 | AA20: =SUM(D20:Y20) -> 1330.655 | AC20: ='11 Aralık-24Aralık 2023'!C5 -> 52.668 | AD20: ='27 Kasım-10 Aralık'!C5 -> 62.32 | AE20: ='13 Kasım-26 Kasım'!C5 -> 86.02 | AF20: ='30 Ekim-12 Kasım'!C5 -> 87.44 | AG20: ='16-29 Ekim'!C5 -> 100.77 | AH20: ='2 Ekim-15 Ekim 2023 '!C5 -> 24.912 | AI20: ='18 Eylül-1 Ekim 2023'!C5 -> 83.492 | AJ20: ='28 Ağustos-17 Eylül 2023'!C5 -> 16.38 | AK20: ='14-27 Ağustos'!C5 -> 36.3 | AL20: ='31 Temmuz-13 Ağustos'!C5 -> 73.609 | AM20: ='17 Temmuz-30 Temmuz 2023'!C5 -> 56.43 | AN20: ='26 Haziran-16Temmuz 2023'!C5 -> 84.634 | AO20: ='12-25 Haziran 2023'!C5 -> 33.11 | AP20: ='29 mayıs-11 Haziran 2023'!C5 -> 101.718 | AQ20: ='15 mayıs-28 mayıs 2023'!C5 -> 11.5 | AR20: ='2 mayıs-14 mayıs 2023'!C5 -> 12.5 | AS20: ='17 nisan-1 mayıs 2023'!C5 -> 4 | AT20: ='17 nisan-1 mayıs 2023'!C5 -> 4 | AU20: ='3-16 nisan 2023'!C5 -> 5.5 | AV20: ='20 Mart-2 nisan 2023'!C5 -> 15.5 | AW20: ='6 mart-19 mart 2023'!C5 -> 8.5 | AX20: ='20 şubat-5 mart 2023'!C5 -> 21 | AY20: ='23 ocak-17 şubat'!C5 -> 16 | AZ20: ='26 aralık-20 ocak'!C5 -> 36 | BB20: =SUM(AC20:AP20) -> 899.803
A21: Ömer | B21: ='9-22 Aralık 2024'!C6 -> 40.66 | C21: ='25 Kasım-8 Aralık 2024'!C6 -> 55.865 | D21: ='11_24 Kasım 2024'!C6 -> 45.756 | E21: ='30 Ekim-10 Kasım 2024'!C6 -> 36.536 | F21: ='14_29 Ekim 2024'!C6 -> 61.67 | G21: ='30 Eylül-13 Ekim 2024'!C6 -> 49.984 | H21: ='2-29 Eylül 2024'!C6 -> 38.08 | I21: ='19-30 Ağustos 2024'!C6 -> 20.25 | J21: ='5-18 Ağustos 2024'!C6 -> 33.312 | K21: ='22 Temmuz-4 Ağustos 2024'!C6 -> 38.85 | L21: ='8-21 Temmuz 2024'!C6 -> 58.656 | M21: ='17 Haziran-7 Temmuz 2024'!C6 -> 45.744 | N21: ='3-16 Haziran 2024'!C6 -> 47.8 | O21: ='20 Mayıs-2 Haziran 2024'!C6 -> 75.325 | P21: ='6-19 MAYIS'!C6 -> 88.871 | Q21: ='22 NİSAN-5 MAYIS'!C6 -> 31.45 | R21: ='1-21 Nisan 2024'!C6 -> 53.11 | S21: ='18-31 Mart 2024'!C6 -> 30.894 | T21: ='4-17 Mart 2024'!C6 -> 55.328 | U21: ='19 şubat-3 Mart 2024'!C6 -> 40.825 | V21: ='5 şubat-18 Şubat 2024'!C6 -> 32.36 | W21: ='22 Ocak-4 Şubat 2024'!C6 -> 53.405 | X21: ='8 Ocak-21 Ocak 2024'!C6 -> 43.775 | Y21: ='25Aralık 2023-7 Ocak 2024'!C6 -> 55.125 | AA21: =SUM(D21:Y21) -> 1037.106 | AC21: ='11 Aralık-24Aralık 2023'!C6 -> 57.14 | AD21: ='27 Kasım-10 Aralık'!C6 -> 55.982 | AE21: ='13 Kasım-26 Kasım'!C6 -> 48.56 | AF21: ='30 Ekim-12 Kasım'!C6 -> 76.872 | AG21: ='16-29 Ekim'!C6 -> 31.32 | AH21: ='2 Ekim-15 Ekim 2023 '!C6 -> 21.78 | AI21: ='18 Eylül-1 Ekim 2023'!C6 -> 67.18 | AJ21: ='28 Ağustos-17 Eylül 2023'!C6 -> 65.888 | AK21: ='14-27 Ağustos'!C6 -> 45.286 | AL21: ='31 Temmuz-13 Ağustos'!C6 -> 31.11 | AM21: ='17 Temmuz-30 Temmuz 2023'!C6 -> 41.184 | AN21: ='26 Haziran-16Temmuz 2023'!C6 -> 56.598 | AO21: ='12-25 Haziran 2023'!C6 -> 55.675 | AP21: ='29 mayıs-11 Haziran 2023'!C6 -> 66.414 | AQ21: ='15 mayıs-28 mayıs 2023'!C6 -> 10 | AR21: ='2 mayıs-14 mayıs 2023'!C6 -> 5 | AS21: ='17 nisan-1 mayıs 2023'!C6 -> 5 | AT21: ='17 nisan-1 mayıs 2023'!C6 -> 5 | AU21: ='3-16 nisan 2023'!C6 -> 4 | AV21: ='20 Mart-2 nisan 2023'!C6 -> 15 | AW21: ='6 mart-19 mart 2023'!C6 -> 14 | AX21: ='20 şubat-5 mart 2023'!C6 -> 13.5 | AY21: ='23 ocak-17 şubat'!C6 -> 16.5 | AZ21: ='26 aralık-20 ocak'!C6 -> 21.5 | BB21: =SUM(AC21:AP21) -> 720.989
A22: Malik | B22: ='9-22 Aralık 2024'!C7 -> 93.97 | C22: ='25 Kasım-8 Aralık 2024'!C7 -> 47.652 | D22: ='11_24 Kasım 2024'!C7 -> 96.638 | E22: ='30 Ekim-10 Kasım 2024'!C7 -> 78.604 | F22: ='14_29 Ekim 2024'!C7 -> 101.78 | G22: ='30 Eylül-13 Ekim 2024'!C7 -> 186.76 | H22: ='2-29 Eylül 2024'!C7 -> 119.8 | I22: ='19-30 Ağustos 2024'!C7 -> 55.38 | J22: ='5-18 Ağustos 2024'!C7 -> 82.711 | K22: ='22 Temmuz-4 Ağustos 2024'!C7 -> 68.9 | L22: ='8-21 Temmuz 2024'!C7 -> 103.24 | M22: ='17 Haziran-7 Temmuz 2024'!C7 -> 104.01 | N22: ='3-16 Haziran 2024'!C7 -> 70.14 | O22: ='20 Mayıs-2 Haziran 2024'!C7 -> 22.176 | P22: ='6-19 MAYIS'!C7 -> 104.604 | Q22: ='22 NİSAN-5 MAYIS'!C7 -> 67.72 | R22: ='1-21 Nisan 2024'!C7 -> 84.818 | S22: ='18-31 Mart 2024'!C7 -> 119.67 | T22: ='4-17 Mart 2024'!C7 -> 108.592 | U22: ='19 şubat-3 Mart 2024'!C7 -> 75.04 | V22: ='5 şubat-18 Şubat 2024'!C7 -> 31.97 | W22: ='22 Ocak-4 Şubat 2024'!C7 -> 91.875 | X22: ='8 Ocak-21 Ocak 2024'!C7 -> 104.84 | Y22: ='25Aralık 2023-7 Ocak 2024'!C7 -> 66.44 | AA22: =SUM(D22:Y22) -> 1945.708 | AC22: ='11 Aralık-24Aralık 2023'!C7 -> 77.685 | AD22: ='27 Kasım-10 Aralık'!C7 -> 86.993 | AE22: ='13 Kasım-26 Kasım'!C7 -> 55.55 | AF22: ='30 Ekim-12 Kasım'!C7 -> 92.946 | AG22: ='16-29 Ekim'!C7 -> 92.328 | AH22: ='2 Ekim-15 Ekim 2023 '!C7 -> 97.908 | AI22: ='18 Eylül-1 Ekim 2023'!C7 -> 90.348 | AJ22: ='28 Ağustos-17 Eylül 2023'!C7 -> 78.695 | AK22: ='14-27 Ağustos'!C7 -> 71.49 | AL22: ='31 Temmuz-13 Ağustos'!C7 -> 75.167 | AM22: ='17 Temmuz-30 Temmuz 2023'!C7 -> 96.096 | AN22: ='26 Haziran-16Temmuz 2023'!C7 -> 96.352 | AO22: ='12-25 Haziran 2023'!C7 -> 63.73 | AP22: ='29 mayıs-11 Haziran 2023'!C7 -> 68.762 | AQ22: ='15 mayıs-28 mayıs 2023'!C7 -> 13 | AR22: ='2 mayıs-14 mayıs 2023'!C7 -> 13 | AS22: ='17 nisan-1 mayıs 2023'!C7 -> 10 | AT22: ='17 nisan-1 mayıs 2023'!C7 -> 10 | AU22: ='3-16 nisan 2023'!C7 -> 11.5 | AV22: ='20 Mart-2 nisan 2023'!C9 -> 11.5 | AW22: ='6 mart-19 mart 2023'!C9 -> 14.5 | AX22: ='20 şubat-5 mart 2023'!C7 -> 15 | AY22: ='23 ocak-17 şubat'!C7 -> 20 | AZ22: ='26 aralık-20 ocak'!C7 -> 42 | BB22: =SUM(AC22:AP22) -> 1144.05
A23: Yasemin | AA23: =SUM(D23:Y23) -> 0 | AG23: ='16-29 Ekim'!C8 -> 7.59 | AH23: ='2 Ekim-15 Ekim 2023 '!C8 -> 22.6 | AI23: ='18 Eylül-1 Ekim 2023'!C8 -> 11.03 | AJ23: ='28 Ağustos-17 Eylül 2023'!C8 -> 10.1 | AK23: ='14-27 Ağustos'!C8 -> 15.53 | AL23: ='31 Temmuz-13 Ağustos'!C8 -> 13.9 | AM23: ='17 Temmuz-30 Temmuz 2023'!C8 -> 13.3 | AN23: ='26 Haziran-16Temmuz 2023'!C8 -> 16.93 | AO23: ='12-25 Haziran 2023'!C8 | AP23: ='29 mayıs-11 Haziran 2023'!C8 | AQ23: ='15 mayıs-28 mayıs 2023'!C8 | AR23: ='2 mayıs-14 mayıs 2023'!C8 | AS23: ='17 nisan-1 mayıs 2023'!C8 | AT23: ='17 nisan-1 mayıs 2023'!C8 | AW23: ='6 mart-19 mart 2023'!C8 | AX23: ='20 şubat-5 mart 2023'!C8 | AY23: ='23 ocak-17 şubat'!C8 | AZ23: ='26 aralık-20 ocak'!C8 | BB23: =SUM(AC23:AP23) -> 110.98
A24: Yılmaz | B24: ='9-22 Aralık 2024'!C8 -> 42 | C24: ='25 Kasım-8 Aralık 2024'!C8 -> 43.41 | D24: ='11_24 Kasım 2024'!C8 -> 45.63 | E24: ='30 Ekim-10 Kasım 2024'!C8 -> 44.244 | F24: ='14_29 Ekim 2024'!C8 -> 51.05 | G24: ='30 Eylül-13 Ekim 2024'!C8 -> 44.44 | H24: ='2-29 Eylül 2024'!C8 -> 117.19 | I24: ='19-30 Ağustos 2024'!C8 -> 44.222 | J24: ='5-18 Ağustos 2024'!C8 -> 73.52 | K24: ='22 Temmuz-4 Ağustos 2024'!C8 -> 64.22 | L24: ='8-21 Temmuz 2024'!C8 -> 39.91 | M24: ='17 Haziran-7 Temmuz 2024'!C8 -> 45 | N24: ='3-16 Haziran 2024'!C8 -> 62.77 | O24: ='20 Mayıs-2 Haziran 2024'!C8 -> 49.67 | P24: ='6-19 MAYIS'!C8 -> 69.93 | Q24: ='22 NİSAN-5 MAYIS'!C8 -> 56.278 | R24: ='1-21 Nisan 2024'!C8 -> 22.66 | S24: ='18-31 Mart 2024'!C8 -> 57.195 | T24: ='4-17 Mart 2024'!C8 -> 65.02 | U24: ='19 şubat-3 Mart 2024'!C8 -> 75.872 | V24: ='5 şubat-18 Şubat 2024'!C8 -> 29.872 | W24: ='22 Ocak-4 Şubat 2024'!C8 -> 34.009 | X24: ='8 Ocak-21 Ocak 2024'!C8 -> 19.602 | Y24: ='25Aralık 2023-7 Ocak 2024'!C8 -> 41.58 | AA24: =SUM(D24:Y24) -> 1153.884 | AC24: ='11 Aralık-24Aralık 2023'!C8 -> 41.458 | AD24: ='27 Kasım-10 Aralık'!C8 -> 48.62 | AE24: ='13 Kasım-26 Kasım'!C8 -> 30.56 | AF24: ='30 Ekim-12 Kasım'!C8 -> 72.02 | AG24: ='16-29 Ekim'!C9 -> 19.095 | AH24: ='2 Ekim-15 Ekim 2023 '!C9 -> 80.776 | AI24: ='18 Eylül-1 Ekim 2023'!C9 -> 65.278 | AJ24: ='28 Ağustos-17 Eylül 2023'!C9 -> 61.51 | AK24: ='14-27 Ağustos'!C9 | AL24: ='31 Temmuz-13 Ağustos'!C9 -> 131.473 | AM24: ='17 Temmuz-30 Temmuz 2023'!C9 -> 44.502 | AN24: ='26 Haziran-16Temmuz 2023'!C9 | AO24: ='12-25 Haziran 2023'!C9 | AP24: ='29 mayıs-11 Haziran 2023'!C9 | AQ24: ='15 mayıs-28 mayıs 2023'!C9 | AR24: ='2 mayıs-14 mayıs 2023'!C9 | AS24: ='17 nisan-1 mayıs 2023'!C9 | AT24: ='17 nisan-1 mayıs 2023'!C9 | AX24: ='20 şubat-5 mart 2023'!C9 | AY24: ='23 ocak-17 şubat'!C9 | AZ24: ='26 aralık-20 ocak'!C9 | BB24: =SUM(AC24:AP24) -> 595.292
A25: Devrim | C25: ='25 Kasım-8 Aralık 2024'!C10 | AA25: =SUM(D25:Y25) -> 0 | AP25: ='29 mayıs-11 Haziran 2023'!C10 -> 59.4 | AQ25: ='15 mayıs-28 mayıs 2023'!C10 -> 2 | AR25: ='2 mayıs-14 mayıs 2023'!C10 -> 5 | AS25: ='17 nisan-1 mayıs 2023'!C10 -> 6 | AT25: ='17 nisan-1 mayıs 2023'!C10 -> 6 | AU25: ='3-16 nisan 2023'!C10 -> 8.5 | AV25: ='20 Mart-2 nisan 2023'!C10 -> 11.5 | AW25: ='6 mart-19 mart 2023'!C10 -> 13.5 | AX25: ='20 şubat-5 mart 2023'!C10 -> 10 | AY25: ='23 ocak-17 şubat'!C10 -> 18.5 | AZ25: ='26 aralık-20 ocak'!C10 -> 18 | BB25: 59.4
A26: Batuhan | C26: ='25 Kasım-8 Aralık 2024'!C11 | AP26: ='29 mayıs-11 Haziran 2023'!C11 -> 40 | AQ26: ='15 mayıs-28 mayıs 2023'!C11 -> 9 | AR26: ='2 mayıs-14 mayıs 2023'!C11 -> 6 | AS26: ='17 nisan-1 mayıs 2023'!C11 -> 5.5 | AT26: ='17 nisan-1 mayıs 2023'!C11 -> 5.5 | AU26: ='3-16 nisan 2023'!C11 -> 10.5 | AV26: ='20 Mart-2 nisan 2023'!C11 -> 13.5 | AW26: ='6 mart-19 mart 2023'!C11 -> 4 | AX26: ='20 şubat-5 mart 2023'!C11 -> 10.5 | AY26: ='23 ocak-17 şubat'!C11 -> 10 | AZ26: ='26 aralık-20 ocak'!C11 -> 19 | BB26: 40
E27: BEKLENEN SCORE | AA27: =SUM(AA17:AA25) -> 9247.523 | BB27: =SUM(BB17:BB26) -> 6041.739
G29: 45565 | J29: 45509 | L29: 45481 | O29: 20 MAYIS | U29: 45341 | AQ29: SP
A30: İslam | B30: ='9-22 Aralık 2024'!D2 -> 50 | C30: ='25 Kasım-8 Aralık 2024'!D2 -> 90 | D30: ='11_24 Kasım 2024'!D2 -> 90 | E30: ='30 Ekim-10 Kasım 2024'!D2 -> 80 | F30: ='14_29 Ekim 2024'!D2 -> 100 | G30: ='30 Eylül-13 Ekim 2024'!D2 -> 100 | H30: ='2-29 Eylül 2024'!D2 -> 150 | I30: ='19-30 Ağustos 2024'!D2 -> 90 | J30: ='5-18 Ağustos 2024'!D2 -> 100 | K30: ='22 Temmuz-4 Ağustos 2024'!D2 -> 100 | L30: ='8-21 Temmuz 2024'!D2 -> 80 | M30: ='17 Haziran-7 Temmuz 2024'!D2 -> 100 | N30: ='3-16 Haziran 2024'!D2 -> 100 | O30: ='20 Mayıs-2 Haziran 2024'!D2 -> 100 | P30: ='6-19 MAYIS'!D2 -> 95 | Q30: ='22 NİSAN-5 MAYIS'!D2 -> 75 | R30: ='1-21 Nisan 2024'!D2 -> 115 | S30: ='18-31 Mart 2024'!D2 -> 100 | T30: ='4-17 Mart 2024'!D2 -> 100 | U30: ='19 şubat-3 Mart 2024'!D2 -> 100 | V30: ='5 şubat-18 Şubat 2024'!D2 -> 100 | W30: ='22 Ocak-4 Şubat 2024'!D2 -> 100 | X30: ='8 Ocak-21 Ocak 2024'!D2 -> 100 | Y30: ='25Aralık 2023-7 Ocak 2024'!D2 -> 40 | AA30: =SUM(D30:Y30) -> 2115 | AC30: ='11 Aralık-24Aralık 2023'!D2 -> 100 | AD30: ='27 Kasım-10 Aralık'!D2 -> 80 | AE30: ='13 Kasım-26 Kasım'!D2 -> 100 | AF30: ='30 Ekim-12 Kasım'!D2 -> 100 | AG30: ='16-29 Ekim'!D2 -> 100 | AH30: ='2 Ekim-15 Ekim 2023 '!D2 -> 100 | AI30: ='18 Eylül-1 Ekim 2023'!D2 -> 90 | AJ30: ='28 Ağustos-17 Eylül 2023'!D2 -> 120 | AK30: ='14-27 Ağustos'!D2 -> 80 | AL30: ='31 Temmuz-13 Ağustos'!D2 -> 100 | AM30: ='17 Temmuz-30 Temmuz 2023'!D2 -> 100 | AN30: ='26 Haziran-16Temmuz 2023'!D2 -> 90 | AO30: ='12-25 Haziran 2023'!D2 -> 100 | AP30: ='29 mayıs-11 Haziran 2023'!D2 -> 100 | AQ30: ='15 mayıs-28 mayıs 2023'!D2 -> 18 | AR30: ='2 mayıs-14 mayıs 2023'!D2 -> 18 | AS30: ='17 nisan-1 mayıs 2023'!D2 -> 16 | AT30: ='17 nisan-1 mayıs 2023'!D2 -> 16 | AU30: ='3-16 nisan 2023'!D2 -> 20 | AV30: ='20 Mart-2 nisan 2023'!D2 -> 20 | AW30: ='6 mart-19 mart 2023'!D2 -> 20 | AX30: ='20 şubat-5 mart 2023'!D2 -> 16 | AY30: ='23 ocak-17 şubat'!D2 -> 36 | AZ30: ='26 aralık-20 ocak'!D2 -> 40 | BB30: =SUM(AC30:AP30) -> 1360
A31: MuratSaç | B31: ='9-22 Aralık 2024'!D3 -> 75 | C31: ='25 Kasım-8 Aralık 2024'!D3 -> 75 | D31: ='11_24 Kasım 2024'!D3 -> 75 | E31: ='30 Ekim-10 Kasım 2024'!D3 -> 60 | F31: ='14_29 Ekim 2024'!D3 -> 75 | G31: ='30 Eylül-13 Ekim 2024'!D3 -> 75 | H31: ='2-29 Eylül 2024'!D3 -> 105 | I31: ='19-30 Ağustos 2024'!D3 -> 37.5 | J31: ='5-18 Ağustos 2024'!D3 -> 75 | K31: ='22 Temmuz-4 Ağustos 2024'!D3 -> 37.5 | L31: ='8-21 Temmuz 2024'!D3 -> 67.5 | M31: ='17 Haziran-7 Temmuz 2024'!D3 -> 67.5 | N31: ='3-16 Haziran 2024'!D3 -> 75 | O31: ='20 Mayıs-2 Haziran 2024'!D3 -> 75 | P31: ='6-19 MAYIS'!D3 -> 75 | Q31: ='22 NİSAN-5 MAYIS'!D3 -> 45 | R31: ='1-21 Nisan 2024'!D3 -> 86.25 | S31: ='18-31 Mart 2024'!D3 -> 75 | T31: ='4-17 Mart 2024'!D3 -> 60 | U31: ='19 şubat-3 Mart 2024'!D3 -> 67.5 | V31: ='5 şubat-18 Şubat 2024'!D3 -> 52.5 | W31: ='22 Ocak-4 Şubat 2024'!D3 -> 52.5 | X31: ='8 Ocak-21 Ocak 2024'!D3 -> 75 | Y31: ='25Aralık 2023-7 Ocak 2024'!D3 -> 67.5 | AA31: =SUM(D31:Y31) -> 1481.25 | AC31: ='11 Aralık-24Aralık 2023'!D3 -> 75 | AD31: ='27 Kasım-10 Aralık'!D3 -> 63.75 | AE31: ='13 Kasım-26 Kasım'!D3 -> 75 | AF31: ='30 Ekim-12 Kasım'!D3 -> 75 | AG31: ='16-29 Ekim'!D3 -> 75 | AH31: ='2 Ekim-15 Ekim 2023 '!D3 -> 45 | AI31: ='18 Eylül-1 Ekim 2023'!D3 -> 75 | AJ31: ='28 Ağustos-17 Eylül 2023'!D3 -> 60 | AK31: ='14-27 Ağustos'!D3 -> 60 | AL31: ='31 Temmuz-13 Ağustos'!D3 -> 75 | AM31: ='17 Temmuz-30 Temmuz 2023'!D3 -> 50 | AN31: ='26 Haziran-16Temmuz 2023'!D3 -> 37.5 | AO31: ='12-25 Haziran 2023'!D3 -> 75 | AP31: ='29 mayıs-11 Haziran 2023'!D3 -> 75 | AQ31: ='15 mayıs-28 mayıs 2023'!D3 -> 13.5 | AR31: ='2 mayıs-14 mayıs 2023'!D3 -> 13.5 | AS31: ='17 nisan-1 mayıs 2023'!D3 -> 12 | AT31: ='17 nisan-1 mayıs 2023'!D3 -> 12 | AU31: ='3-16 nisan 2023'!D3 -> 15 | AV31: ='20 Mart-2 nisan 2023'!D3 -> 15 | AW31: ='6 mart-19 mart 2023'!D3 -> 15 | AX31: ='20 şubat-5 mart 2023'!D3 -> 15 | AY31: ='23 ocak-17 şubat'!D3 -> 30 | AZ31: ='26 aralık-20 ocak'!D3 -> 30 | BB31: =SUM(AC31:AP31) -> 916.25
A32: Emre | B32: ='9-22 Aralık 2024'!D4 -> 100 | C32: ='25 Kasım-8 Aralık 2024'!D4 -> 100 | D32: ='11_24 Kasım 2024'!D4 -> 100 | E32: ='30 Ekim-10 Kasım 2024'!D4 -> 80 | F32: ='14_29 Ekim 2024'!D4 -> 100 | G32: ='30 Eylül-13 Ekim 2024'!D4 -> 100 | H32: ='2-29 Eylül 2024'!D4 -> 150 | I32: ='19-30 Ağustos 2024'!D4 -> 80 | J32: ='5-18 Ağustos 2024'!D4 -> 85 | K32: ='22 Temmuz-4 Ağustos 2024'!D4 -> 100 | L32: ='8-21 Temmuz 2024'!D4 -> 90 | M32: ='17 Haziran-7 Temmuz 2024'!D4 -> 70 | N32: ='3-16 Haziran 2024'!D4 -> 100 | O32: ='20 Mayıs-2 Haziran 2024'!D4 -> 100 | P32: ='6-19 MAYIS'!D4 -> 100 | Q32: ='22 NİSAN-5 MAYIS'!D4 -> 80 | R32: ='1-21 Nisan 2024'!D4 -> 60 | S32: ='18-31 Mart 2024'!D4 -> 100 | T32: ='4-17 Mart 2024'!D4 -> 100 | U32: ='19 şubat-3 Mart 2024'!D4 -> 100 | V32: ='5 şubat-18 Şubat 2024'!D4 -> 95 | W32: ='22 Ocak-4 Şubat 2024'!D4 -> 95 | X32: ='8 Ocak-21 Ocak 2024'!D4 -> 100 | Y32: ='25Aralık 2023-7 Ocak 2024'!D4 -> 80 | AA32: =SUM(D32:Y32) -> 2065 | AC32: ='11 Aralık-24Aralık 2023'!D4 -> 100 | AD32: ='27 Kasım-10 Aralık'!D4 -> 100 | AE32: ='13 Kasım-26 Kasım'!D4 -> 100 | AF32: ='30 Ekim-12 Kasım'!D4 -> 90 | AG32: ='16-29 Ekim'!D4 -> 50 | AH32: ='2 Ekim-15 Ekim 2023 '!D4 -> 50 | AI32: ='18 Eylül-1 Ekim 2023'!D4 -> 100 | AJ32: ='28 Ağustos-17 Eylül 2023'!D4 -> 110 | AK32: ='14-27 Ağustos'!D4 -> 80 | AL32: ='31 Temmuz-13 Ağustos'!D4 -> 100 | AM32: ='17 Temmuz-30 Temmuz 2023'!D4 -> 100 | AN32: ='26 Haziran-16Temmuz 2023'!D4 -> 100 | AO32: ='12-25 Haziran 2023'!D4 -> 100 | AP32: ='29 mayıs-11 Haziran 2023'!D4 -> 100 | AQ32: ='15 mayıs-28 mayıs 2023'!D4 -> 18 | AR32: ='2 mayıs-14 mayıs 2023'!D4 -> 10 | AS32: ='17 nisan-1 mayıs 2023'!D4 -> 16 | AT32: ='17 nisan-1 mayıs 2023'!D4 -> 16 | AU32: ='3-16 nisan 2023'!D4 -> 20 | AV32: ='20 Mart-2 nisan 2023'!D4 -> 20 | AW32: ='6 mart-19 mart 2023'!D4 -> 16 | AX32: ='20 şubat-5 mart 2023'!D4 -> 20 | AY32: ='23 ocak-17 şubat'!D4 -> 40 | AZ32: ='26 aralık-20 ocak'!D4 -> 30 | BB32: =SUM(AC32:AP32) -> 1280
A33: Farhad | B33: ='9-22 Aralık 2024'!D5 -> 75 | C33: ='25 Kasım-8 Aralık 2024'!D5 -> 75 | D33: ='11_24 Kasım 2024'!D5 -> 75 | E33: ='30 Ekim-10 Kasım 2024'!D5 -> 56.25 | F33: ='14_29 Ekim 2024'!D5 -> 75 | G33: ='30 Eylül-13 Ekim 2024'!D5 -> 75 | H33: ='2-29 Eylül 2024'!D5 -> 105 | I33: ='19-30 Ağustos 2024'!D5 -> 30 | J33: ='5-18 Ağustos 2024'!D5 -> 37.5 | K33: ='22 Temmuz-4 Ağustos 2024'!D5 -> 75 | L33: ='8-21 Temmuz 2024'!D5 -> 67.5 | M33: ='17 Haziran-7 Temmuz 2024'!D5 -> 90 | N33: ='3-16 Haziran 2024'!D5 -> 75 | O33: ='20 Mayıs-2 Haziran 2024'!D5 -> 75 | P33: ='6-19 MAYIS'!D5 -> 75 | Q33: ='22 NİSAN-5 MAYIS'!D5 -> 60 | R33: ='1-21 Nisan 2024'!D5 -> 71.25 | S33: ='18-31 Mart 2024'!D5 -> 60 | T33: ='4-17 Mart 2024'!D5 -> 75 | U33: ='19 şubat-3 Mart 2024'!D5 -> 75 | V33: ='5 şubat-18 Şubat 2024'!D5 -> 37.5 | W33: ='22 Ocak-4 Şubat 2024'!D5 -> 37.5 | X33: ='8 Ocak-21 Ocak 2024'!D5 -> 60 | Y33: ='25Aralık 2023-7 Ocak 2024'!D5 -> 67.5 | AA33: =SUM(D33:Y33) -> 1455 | AC33: ='11 Aralık-24Aralık 2023'!D5 -> 71.25 | AD33: ='27 Kasım-10 Aralık'!D5 -> 75 | AE33: ='13 Kasım-26 Kasım'!D5 -> 67.5 | AF33: ='30 Ekim-12 Kasım'!D5 -> 75 | AG33: ='16-29 Ekim'!D5 -> 75 | AH33: ='2 Ekim-15 Ekim 2023 '!D5 -> 75 | AI33: ='18 Eylül-1 Ekim 2023'!D5 -> 60 | AJ33: ='28 Ağustos-17 Eylül 2023'!D5 -> 37.5 | AK33: ='14-27 Ağustos'!D5 -> 60 | AL33: ='31 Temmuz-13 Ağustos'!D5 -> 75 | AM33: ='17 Temmuz-30 Temmuz 2023'!D5 -> 90 | AN33: ='26 Haziran-16Temmuz 2023'!D5 -> 67.5 | AO33: ='12-25 Haziran 2023'!D5 -> 75 | AP33: ='29 mayıs-11 Haziran 2023'!D5 -> 75 | AQ33: ='15 mayıs-28 mayıs 2023'!D5 -> 14.4 | AR33: ='2 mayıs-14 mayıs 2023'!D5 -> 13.5 | AS33: ='17 nisan-1 mayıs 2023'!D5 -> 10.5 | AT33: ='17 nisan-1 mayıs 2023'!D5 -> 10.5 | AU33: ='3-16 nisan 2023'!D5 -> 7.5 | AV33: ='20 Mart-2 nisan 2023'!D5 -> 7.5 | AW33: ='6 mart-19 mart 2023'!D5 -> 15 | AX33: ='20 şubat-5 mart 2023'!D5 -> 12 | AY33: ='23 ocak-17 şubat'!D5 -> 30 | AZ33: ='26 aralık-20 ocak'!D5 -> 30 | BB33: =SUM(AC33:AP33) -> 978.75
A34: Ömer | B34: ='9-22 Aralık 2024'!D6 -> 100 | C34: ='25 Kasım-8 Aralık 2024'!D6 -> 90 | D34: ='11_24 Kasım 2024'!D6 -> 100 | E34: ='30 Ekim-10 Kasım 2024'!D6 -> 80 | F34: ='14_29 Ekim 2024'!D6 -> 100 | G34: ='30 Eylül-13 Ekim 2024'!D6 -> 100 | H34: ='2-29 Eylül 2024'!D6 -> 150 | I34: ='19-30 Ağustos 2024'!D6 -> 40 | J34: ='5-18 Ağustos 2024'!D6 -> 100 | K34: ='22 Temmuz-4 Ağustos 2024'!D6 -> 100 | L34: ='8-21 Temmuz 2024'!D6 -> 90 | M34: ='17 Haziran-7 Temmuz 2024'!D6 -> 120 | N34: ='3-16 Haziran 2024'!D6 -> 100 | O34: ='20 Mayıs-2 Haziran 2024'!D6 -> 100 | P34: ='6-19 MAYIS'!D6 -> 100 | Q34: ='22 NİSAN-5 MAYIS'!D6 -> 65 | R34: ='1-21 Nisan 2024'!D6 -> 105 | S34: ='18-31 Mart 2024'!D6 -> 50 | T34: ='4-17 Mart 2024'!D6 -> 100 | U34: ='19 şubat-3 Mart 2024'!D6 -> 100 | V34: ='5 şubat-18 Şubat 2024'!D6 -> 100 | W34: ='22 Ocak-4 Şubat 2024'!D6 -> 100 | X34: ='8 Ocak-21 Ocak 2024'!D6 -> 100 | Y34: ='25Aralık 2023-7 Ocak 2024'!D6 -> 90 | AA34: =SUM(D34:Y34) -> 2090 | AC34: ='11 Aralık-24Aralık 2023'!D6 -> 100 | AD34: ='27 Kasım-10 Aralık'!D6 -> 90 | AE34: ='13 Kasım-26 Kasım'!D6 -> 100 | AF34: ='30 Ekim-12 Kasım'!D6 -> 100 | AG34: ='16-29 Ekim'!D6 -> 50 | AH34: ='2 Ekim-15 Ekim 2023 '!D6 -> 70 | AI34: ='18 Eylül-1 Ekim 2023'!D6 -> 100 | AJ34: ='28 Ağustos-17 Eylül 2023'!D6 -> 120 | AK34: ='14-27 Ağustos'!D6 -> 64 | AL34: ='31 Temmuz-13 Ağustos'!D6 -> 80 | AM34: ='17 Temmuz-30 Temmuz 2023'!D6 -> 80 | AN34: ='26 Haziran-16Temmuz 2023'!D6 -> 80 | AO34: ='12-25 Haziran 2023'!D6 -> 80 | AP34: ='29 mayıs-11 Haziran 2023'!D6 -> 80 | AQ34: ='15 mayıs-28 mayıs 2023'!D6 -> 14.4 | AR34: ='2 mayıs-14 mayıs 2023'!D6 -> 14.4 | AS34: ='17 nisan-1 mayıs 2023'!D6 -> 12.8 | AT34: ='17 nisan-1 mayıs 2023'!D6 -> 12.8 | AU34: ='3-16 nisan 2023'!D6 -> 16 | AV34: ='20 Mart-2 nisan 2023'!D6 -> 12 | AW34: ='6 mart-19 mart 2023'!D6 -> 12 | AX34: ='20 şubat-5 mart 2023'!D6 -> 12 | AY34: ='23 ocak-17 şubat'!D6 -> 24 | AZ34: ='26 aralık-20 ocak'!D6 -> 28 | BB34: =SUM(AC34:AP34) -> 1194
A35: Malik | B35: ='9-22 Aralık 2024'!D7 -> 100 | C35: ='25 Kasım-8 Aralık 2024'!D7 -> 100 | D35: ='11_24 Kasım 2024'!D7 -> 100 | E35: ='30 Ekim-10 Kasım 2024'!D7 -> 75 | F35: ='14_29 Ekim 2024'!D7 -> 100 | G35: ='30 Eylül-13 Ekim 2024'!D7 -> 100 | H35: ='2-29 Eylül 2024'!D7 -> 150 | I35: ='19-30 Ağustos 2024'!D7 -> 80 | J35: ='5-18 Ağustos 2024'!D7 -> 100 | K35: ='22 Temmuz-4 Ağustos 2024'!D7 -> 100 | L35: ='8-21 Temmuz 2024'!D7 -> 90 | M35: ='17 Haziran-7 Temmuz 2024'!D7 -> 120 | N35: ='3-16 Haziran 2024'!D7 -> 100 | O35: ='20 Mayıs-2 Haziran 2024'!D7 -> 50 | P35: ='6-19 MAYIS'!D7 -> 100 | Q35: ='22 NİSAN-5 MAYIS'!D7 -> 80 | R35: ='1-21 Nisan 2024'!D7 -> 115 | S35: ='18-31 Mart 2024'!D7 -> 100 | T35: ='4-17 Mart 2024'!D7 -> 100 | U35: ='19 şubat-3 Mart 2024'!D7 -> 100 | V35: ='5 şubat-18 Şubat 2024'!D7 -> 85 | W35: ='22 Ocak-4 Şubat 2024'!D7 -> 85 | X35: ='8 Ocak-21 Ocak 2024'!D7 -> 100 | Y35: ='25Aralık 2023-7 Ocak 2024'!D7 -> 80 | AA35: =SUM(D35:Y35) -> 2110 | AC35: ='11 Aralık-24Aralık 2023'!D7 -> 100 | AD35: ='27 Kasım-10 Aralık'!D7 -> 90 | AE35: ='13 Kasım-26 Kasım'!D7 -> 50 | AF35: ='30 Ekim-12 Kasım'!D7 -> 100 | AG35: ='16-29 Ekim'!D7 -> 90 | AH35: ='2 Ekim-15 Ekim 2023 '!D7 -> 100 | AI35: ='18 Eylül-1 Ekim 2023'!D7 -> 100 | AJ35: ='28 Ağustos-17 Eylül 2023'!D7 -> 110 | AK35: ='14-27 Ağustos'!D7 -> 64 | AL35: ='31 Temmuz-13 Ağustos'!D7 -> 80 | AM35: ='17 Temmuz-30 Temmuz 2023'!D7 -> 80 | AN35: ='26 Haziran-16Temmuz 2023'!D7 -> 92 | AO35: ='12-25 Haziran 2023'!D7 -> 80 | AP35: ='29 mayıs-11 Haziran 2023'!D7 -> 80 | AQ35: ='15 mayıs-28 mayıs 2023'!D7 -> 14.4 | AR35: ='2 mayıs-14 mayıs 2023'!D7 -> 14.4 | AS35: ='17 nisan-1 mayıs 2023'!D7 -> 11.2 | AT35: ='17 nisan-1 mayıs 2023'!D7 -> 11.2 | AU35: ='3-16 nisan 2023'!D7 -> 16 | AV35: ='20 Mart-2 nisan 2023'!D9 -> 16 | AW35: ='6 mart-19 mart 2023'!D9 -> 16 | AX35: ='20 şubat-5 mart 2023'!D7 -> 15 | AY35: ='23 ocak-17 şubat'!D7 -> 26.2 | AZ35: ='26 aralık-20 ocak'!D7 -> 32 | BB35: =SUM(AC35:AP35) -> 1216
A36: Yasemin | AG36: ='16-29 Ekim'!D8 -> 42.5 | AH36: ='2 Ekim-15 Ekim 2023 '!D8 -> 50 | AI36: ='18 Eylül-1 Ekim 2023'!D8 -> 50 | AJ36: ='28 Ağustos-17 Eylül 2023'!D8 -> 60 | AK36: ='14-27 Ağustos'!D8 -> 40 | AL36: ='31 Temmuz-13 Ağustos'!D8 -> 50 | AM36: ='17 Temmuz-30 Temmuz 2023'!D8 -> 40 | AN36: ='26 Haziran-16Temmuz 2023'!D8 -> 50 | AO36: ='12-25 Haziran 2023'!D8 | AP36: ='29 mayıs-11 Haziran 2023'!D8 | AQ36: ='15 mayıs-28 mayıs 2023'!D8 | AR36: ='2 mayıs-14 mayıs 2023'!D8 | AS36: ='17 nisan-1 mayıs 2023'!D8 | AT36: ='17 nisan-1 mayıs 2023'!D8 | AU36: ='3-16 nisan 2023'!D8 | AV36: ='20 Mart-2 nisan 2023'!D8 | AW36: ='6 mart-19 mart 2023'!D8 | AX36: ='20 şubat-5 mart 2023'!D8 | AY36: ='23 ocak-17 şubat'!D8 | AZ36: ='26 aralık-20 ocak'!D8 | BB36: =SUM(AC36:AP36) -> 382.5
A37: Yılmaz | B37: ='9-22 Aralık 2024'!D8 -> 80 | C37: ='25 Kasım-8 Aralık 2024'!D8 -> 80 | D37: ='11_24 Kasım 2024'!D8 -> 80 | E37: ='30 Ekim-10 Kasım 2024'!D8 -> 64 | F37: ='14_29 Ekim 2024'!D8 -> 72 | G37: ='30 Eylül-13 Ekim 2024'!D8 -> 72 | H37: ='2-29 Eylül 2024'!D8 -> 120 | I37: ='19-30 Ağustos 2024'!D8 -> 72 | J37: ='5-18 Ağustos 2024'!D8 -> 80 | K37: ='22 Temmuz-4 Ağustos 2024'!D8 -> 80 | L37: ='8-21 Temmuz 2024'!D8 -> 72 | M37: ='17 Haziran-7 Temmuz 2024'!D8 -> 92 | N37: ='3-16 Haziran 2024'!D8 -> 80 | O37: ='20 Mayıs-2 Haziran 2024'!D8 -> 80 | P37: ='6-19 MAYIS'!D8 -> 72 | Q37: ='22 NİSAN-5 MAYIS'!D8 -> 64 | R37: ='1-21 Nisan 2024'!D8 -> 92 | S37: ='18-31 Mart 2024'!D8 -> 80 | T37: ='4-17 Mart 2024'!D8 -> 80 | U37: ='19 şubat-3 Mart 2024'!D8 -> 80 | V37: ='5 şubat-18 Şubat 2024'!D8 -> 80 | W37: ='22 Ocak-4 Şubat 2024'!D8 -> 80 | X37: ='8 Ocak-21 Ocak 2024'!D8 -> 80 | Y37: ='25Aralık 2023-7 Ocak 2024'!D8 -> 72 | AA37: =SUM(D37:Y37) -> 1744 | AC37: ='11 Aralık-24Aralık 2023'!D8 -> 76 | AD37: ='27 Kasım-10 Aralık'!D8 -> 72 | AE37: ='13 Kasım-26 Kasım'!D8 -> 64 | AF37: ='30 Ekim-12 Kasım'!D8 -> 72 | AG37: ='16-29 Ekim'!D9 -> 64 | AH37: ='2 Ekim-15 Ekim 2023 '!D9 -> 80 | AI37: ='18 Eylül-1 Ekim 2023'!D9 -> 80 | AJ37: ='28 Ağustos-17 Eylül 2023'!D9 -> 40 | AK37: ='14-27 Ağustos'!D9 | AL37: ='31 Temmuz-13 Ağustos'!D9 -> 50 | AM37: ='17 Temmuz-30 Temmuz 2023'!D9 -> 50 | AN37: ='26 Haziran-16Temmuz 2023'!D9 | AO37: ='12-25 Haziran 2023'!D9 | AP37: ='29 mayıs-11 Haziran 2023'!D9 | AQ37: ='15 mayıs-28 mayıs 2023'!D9 | AR37: ='2 mayıs-14 mayıs 2023'!D9 | AS37: ='17 nisan-1 mayıs 2023'!D9 | AT37: ='17 nisan-1 mayıs 2023'!D9 | AU37: ='3-16 nisan 2023'!D9 | AX37: ='20 şubat-5 mart 2023'!D9 | AY37: ='23 ocak-17 şubat'!D9 | AZ37: ='26 aralık-20 ocak'!D9 | BB37: =SUM(AC37:AP37) -> 648
A38: Devrim | B38: ='9-22 Aralık 2024'!D10 | C38: ='25 Kasım-8 Aralık 2024'!D10 | D38: ='11_24 Kasım 2024'!D10 | E38: ='30 Ekim-10 Kasım 2024'!D10 | F38: ='14_29 Ekim 2024'!D10 | G38: ='30 Eylül-13 Ekim 2024'!D10 | S38: ='18-31 Mart 2024'!D10 | AC38: ='11 Aralık-24Aralık 2023'!D10 | AD38: ='27 Kasım-10 Aralık'!D10 | AE38: ='13 Kasım-26 Kasım'!D10 | AF38: ='30 Ekim-12 Kasım'!D10 | AI38: ='18 Eylül-1 Ekim 2023'!D10 | AJ38: ='28 Ağustos-17 Eylül 2023'!D10 | AK38: ='14-27 Ağustos'!D10 | AL38: ='31 Temmuz-13 Ağustos'!D10 | AM38: ='17 Temmuz-30 Temmuz 2023'!D10 | AN38: ='26 Haziran-16Temmuz 2023'!D10 | AO38: ='12-25 Haziran 2023'!D10 | AP38: ='29 mayıs-11 Haziran 2023'!D10 -> 100 | AQ38: ='15 mayıs-28 mayıs 2023'!D10 -> 18 | AR38: ='2 mayıs-14 mayıs 2023'!D10 -> 18 | AS38: ='17 nisan-1 mayıs 2023'!D10 -> 16 | AT38: ='17 nisan-1 mayıs 2023'!D10 -> 16 | AU38: ='3-16 nisan 2023'!D10 -> 20 | AV38: ='20 Mart-2 nisan 2023'!D10 -> 20 | AW38: ='6 mart-19 mart 2023'!D10 -> 20 | AX38: ='20 şubat-5 mart 2023'!D10 -> 19 | AY38: ='23 ocak-17 şubat'!D10 -> 40 | AZ38: ='26 aralık-20 ocak'!D10 -> 36 | BB38: 100
A39: Batuhan | B39: ='9-22 Aralık 2024'!D11 | C39: ='25 Kasım-8 Aralık 2024'!D11 | D39: ='11_24 Kasım 2024'!D11 | E39: ='30 Ekim-10 Kasım 2024'!D11 | S39: ='18-31 Mart 2024'!D11 | AC39: ='11 Aralık-24Aralık 2023'!D11 | AD39: ='27 Kasım-10 Aralık'!D11 | AE39: ='13 Kasım-26 Kasım'!D11 | AF39: ='30 Ekim-12 Kasım'!D11 | AG39: ='16-29 Ekim'!D11 | AH39: ='2 Ekim-15 Ekim 2023 '!D11 | AI39: ='18 Eylül-1 Ekim 2023'!D11 | AJ39: ='28 Ağustos-17 Eylül 2023'!D11 | AK39: ='14-27 Ağustos'!D11 | AL39: ='31 Temmuz-13 Ağustos'!D11 | AO39: ='12-25 Haziran 2023'!D11 | AP39: ='29 mayıs-11 Haziran 2023'!D11 -> 80 | AQ39: ='15 mayıs-28 mayıs 2023'!D11 -> 14.4 | AR39: ='2 mayıs-14 mayıs 2023'!D11 -> 9.6 | AS39: ='17 nisan-1 mayıs 2023'!D11 -> 12.8 | AT39: ='17 nisan-1 mayıs 2023'!D11 -> 12.8 | AU39: ='3-16 nisan 2023'!D11 -> 12.8 | AV39: ='20 Mart-2 nisan 2023'!D11 -> 16 | AW39: ='6 mart-19 mart 2023'!D11 -> 16 | AX39: ='20 şubat-5 mart 2023'!D11 -> 10.5 | AY39: ='23 ocak-17 şubat'!D11 -> 27.8 | AZ39: ='26 aralık-20 ocak'!D11 -> 32 | BB39: 80
AO40: ='12-25 Haziran 2023'!D12 | AP40: ='29 mayıs-11 Haziran 2023'!D12 | AQ40: ='15 mayıs-28 mayıs 2023'!D12 | AR40: ='2 mayıs-14 mayıs 2023'!D12 | AS40: ='17 nisan-1 mayıs 2023'!D12 | AT40: ='17 nisan-1 mayıs 2023'!D12 | AU40: ='3-16 nisan 2023'!D12 | AV40: ='20 Mart-2 nisan 2023'!D12 | AW40: ='6 mart-19 mart 2023'!D12 | AX40: ='20 şubat-5 mart 2023'!D12 | AY40: ='23 ocak-17 şubat'!D12 | AZ40: ='26 aralık-20 ocak'!D12
AA41: =SUM(AA30:AA37) -> 13060.25 | BB41: =SUM(BB30:BB39)*11/6 -> 14951.75

Sheet 2025
A1: KODLANAN MADDE SAYISI
B2: 9-22 OCAK | C2: 23 OCAK-5 ŞUBAT | D2: 6-19 ŞUBAT 2025 | E2: 20 ŞUBAT-5 MART | F2: 6-19 MART | G2: 20 Mart-2 Nisan | H2: 3-16 NİSAN 2025 | I2: 17-30 NİSAN 2025 | J2: 1-14 MAYIS 2025 | K2: 15-28 MAYIS 2025 | L2: 29 MAYIS-11 HAZİRAN 2025 | M2: 12-25 HAZİRAN 2025 | N2: 26 HAZİRAN-9 TEMMUZ | O2: 10-23 TEMMUZ | P2: 24 TEMMUZ-6 AĞUSTOS | Q2: 7-20 AĞUSTOS | R2: 21 AĞUSTOS-10 EYLÜL | S2: 11-24 Eylül 2025 | T2: 25 Eylül-8 Ekim 2025 | U2: 9-22 Ekim 2025 | V2: 23 Ekim-5 Kasım | W2: 6 -19 Kasım 2025 | X2: 20 Kasım-3 Aralık 2025 | Y2: 4-17 Aralık 2025
A3: İslam | B3: 3 | C3: 9 | D3: 2 | E3: 8 | F3: 9 | G3: 7 | H3: 6 | I3: 9 | J3: 8 | K3: 7 | L3: 6 | M3: 10 | N3: 7 | O3: 15 | P3: 16 | Q3: 10 | R3: 6 | S3: 11 | T3: 11 | U3: 12 | V3: 6 | W3: 21 | X3: 4 | Y3: 14
A4: MuratSaç | B4: 2 | C4: 1 | D4: 2 | E4: 5 | F4: 6 | G4: 3 | H4: 11 | I4: 6 | J4: 5 | K4: 5 | L4: 5 | M4: 3 | N4: 4 | O4: 4 | P4: 8 | Q4: 1 | R4: 3 | S4: 10 | T4: 5 | U4: 5 | V4: 4 | W4: 4 | X4: 3 | Y4: 8
A5: Emre | B5: 3 | C5: 7 | D5: 2 | E5: 14 | F5: 7 | G5: 9 | H5: 8 | I5: 14 | J5: 12 | K5: 12 | L5: 9 | M5: 18 | N5: 6 | O5: 10 | P5: 13 | Q5: 8 | R5: 11 | S5: 10 | T5: 9 | U5: 8 | V5: 9 | W5: 8 | X5: 6 | Y5: 12
A6: Farhad | B6: 4 | C6: 16 | D6: 2 | E6: 15 | F6: 13 | G6: 9 | H6: 11 | I6: 17 | J6: 12 | K6: 9 | M6: 11 | N6: 12 | O6: 16 | P6: 9 | Q6: 6 | R6: 8 | S6: 3 | T6: 8 | U6: 9 | V6: 6 | W6: 7 | X6: 12 | Y6: 19
A7: Ömer | B7: 14 | C7: 14 | D7: 1 | E7: 10 | F7: 26 | G7: 12 | H7: 14 | I7: 9 | J7: 7 | K7: 8 | L7: 13 | M7: 10 | N7: 13 | Q7: 11 | W7: 7
A8: Malik | B8: 3 | C8: 3 | D8: 2 | E8: 3 | F8: 3 | G8: 2 | H8: 2 | I8: 4 | J8: 9 | K8: 7 | L8: 5 | M8: 6 | N8: 5 | O8: 8 | P8: 9 | Q8: 13 | R8: 1 | S8: 13 | T8: 11 | U8: 18 | V8: 8 | W8: 7 | X8: 10 | Y8: 8
A9: Yılmaz | B9: 5 | C9: 9 | D9: 1 | E9: 16 | F9: 3 | G9: 6 | H9: 9 | I9: 4 | J9: 6 | K9: 6 | L9: 4 | M9: 8 | N9: 7 | O9: 9 | P9: 7 | Q9: 4 | R9: 10 | S9: 8 | T9: 16 | U9: 7 | V9: 20 | W9: 7 | X9: 14 | Y9: 10
A10: Furkan | R10: 9 | S10: 10 | T10: 3 | V10: 8 | W10: 5 | X10: 8 | Y10: 8
A12: TOPLAM SCORE
B13: 9-22 OCAK | C13: 23 OCAK-5 ŞUBAT | D13: 6-19 ŞUBAT 2025 | E13: 20 ŞUBAT-5 MART | F13: 6-19 MART | G13: 20 Mart-2 Nisan | H13: 3-16 NİSAN 2025 | I13: 17-30 NİSAN 2025 | J13: 1-14 MAYIS 2025 | K13: 15-28 MAYIS 2025 | L13: 29 MAYIS-11 HAZİRAN 2025 | M13: 12-25 HAZİRAN 2025 | N13: 26 HAZİRAN-9 TEMMUZ | O13: 10-23 TEMMUZ | P13: 24 TEMMUZ-6 AĞUSTOS | Q13: 7-20 AĞUSTOS | R13: 21 AĞUSTOS-10 EYLÜL | S13: 11-24 Eylül 2025 | T13: 25 Eylül-8 Ekim 2025 | U13: 9-22 Ekim 2025 | V13: 23 Ekim-5 Kasım | W13: 6 -19 Kasım 2025 | X13: 20 Kasım-3 Aralık 2025 | Y13: 4-17 Aralık 2025
A14: İslam | B14: 33.956 | C14: 101.292 | D14: 51.34 | E14: 50.27 | F14: 77.221 | G14: 30.195 | H14: 65.481 | I14: 70.105 | J14: 41.28 | K14: 103.26 | L14: 33.66 | M14: =67.329+7.26 -> 74.589 | N14: 65.695 | O14: 57.14 | P14: 66.81 | Q14: 75.868 | R14: 77.17 | S14: 68.904 | T14: 61.948 | U14: 49.855 | V14: =8.8+56.12 -> 64.92 | W14: 64.17 | X14: 74.392 | Y14: 57.13
A15: MuratSaç | B15: 75 | C15: 76.752 | D15: 68.412 | E15: 78.88 | F15: 76.664 | G15: 37.4 | H15: 44.98 | I15: 64.808 | J15: 60.38 | K15: 81 | L15: 28.091 | M15: 70 | N15: 68.98 | O15: 68.808 | P15: =41.076+34.56 -> 75.636 | Q15: 22.08 | R15: 13.45 | S15: 63.576 | T15: 34.83 | U15: 60.75 | V15: 45.18 | W15: 61.997 | X15: 66.275 | Y15: 77.06
A16: Emre | B16: 72.336 | C16: 61.76 | D16: 71.13 | E16: 66.005 | F16: 72.735 | G16: 46.732 | H16: =56.325+3.795 -> 60.12 | I16: 68.47 | J16: 75.086 | K16: 69 | L16: 59.896 | M16: 72.036 | N16: 39.531 | O16: 54.7 | P16: 83.625 | Q16: 67.54 | R16: 79.425 | S16: 75.32 | T16: 93.29 | U16: 70.35 | V16: 74.072 | W16: 72.372 | X16: 85.21 | Y16: 76.17
A17: Farhad | B17: 68.4 | C17: 88.715 | D17: 62.714 | E17: 53.816 | F17: 111.917 | G17: 30.61 | H17: 73.316 | I17: 91.04 | J17: 54.5 | K17: 49.106 | M17: 64.05 | N17: 80.792 | O17: 82.238 | P17: 33.574 | Q17: 26.308 | R17: 41.55 | S17: 68.112 | T17: 57.362 | U17: 116.204 | V17: 28.76 | W17: 55.55 | X17: 73.072 | Y17: 61.37
A18: Ömer | B18: 63.21 | C18: 53.695 | D18: 60.896 | E18: 36.06 | F18: =91.544-14 -> 77.544 | G18: 60.749 | H18: 93.569 | I18: 68.408 | J18: 58.613 | K18: 59.45 | L18: 31.75 | M18: 35.08 | N18: 45.74 | Q18: 111.206
A19: Malik | B19: 82 | C19: 98.9 | D19: 59.788 | E19: 130.68 | F19: 107.4 | G19: 158.4 | H19: 144 | I19: 47.18 | J19: 124.14 | K19: 98.65 | L19: 56.706 | M19: 85.716 | N19: =42.644+31.68 -> 74.324 | O19: 112.69 | P19: 94.18 | Q19: 111.206 | R19: 18.72 | S19: 141.545 | T19: 123.486 | U19: 123.486 | V19: 88.46 | W19: 91.582 | X19: 71.158 | Y19: 124.02
A20: Yılmaz | B20: 98.992 | C20: 76.13 | D20: 108.022 | E20: 63.75 | F20: 67.66 | G20: 60.391 | H20: 72.65 | I20: 66.078 | J20: 63.625 | K20: 36.28 | L20: 25.735 | M20: 59.814 | N20: 66.882 | O20: 97.71 | P20: 67.462 | Q20: 41.2 | R20: 27.916 | S20: 75.9 | T20: 47.55 | U20: 65.908 | V20: 45.444 | W20: 31.305 | X20: 44.725 | Y20: 30.59
A21: Furkan | R21: 25.9 | S21: 47.45 | T21: 15.388 | U21: 35.902 | V21: 25.2 | W21: 65.256 | X21: 33.7 | Y21: 17.7
A23: BEKLENEN SCORE
B24: 9-22 OCAK | C24: 23 OCAK-5 ŞUBAT | D24: 6-19 ŞUBAT 2025 | E24: 20 ŞUBAT-5 MART | F24: 6-19 MART | G24: 20 Mart-2 Nisan | H24: 3-16 NİSAN 2025 | I24: 17-30 NİSAN 2025 | J24: 1-14 MAYIS 2025 | K24: 15-28 MAYIS 2025 | L24: 29 MAYIS-11 HAZİRAN 2025 | M24: 12-25 HAZİRAN 2025 | N24: 26 HAZİRAN-9 TEMMUZ | O24: 10-23 TEMMUZ | P24: 24 TEMMUZ-6 AĞUSTOS | Q24: 7-20 AĞUSTOS | R24: 21 AĞUSTOS-10 EYLÜL | S24: 11-24 Eylül 2025 | T24: 25 Eylül-8 Ekim 2025 | U24: 9-22 Ekim 2025 | V24: 23 Ekim-5 Kasım | W24: 6 -19 Kasım 2025 | X24: 20 Kasım-3 Aralık 2025 | Y24: 4-17 Aralık 2025
A25: İslam | B25: 100 | C25: 100 | D25: 100 | E25: 95 | F25: 100 | G25: 80 | H25: 100 | I25: 90 | J25: 90 | K25: 90 | L25: 70 | M25: 100 | N25: 100 | O25: 90 | P25: 100 | Q25: 100 | R25: 100 | S25: 95 | T25: 100 | U25: 100 | V25: 70 | W25: 100 | X25: 90 | Y25: 70
A26: MuratSaç | B26: 75 | C26: 75 | D26: 75 | E26: 75 | F26: 75 | G26: 45 | H26: 67.5 | I26: 67.5 | J26: 67.5 | K26: 67.5 | L26: 45 | M26: 60 | N26: 75 | O26: 67.5 | P26: 75 | Q26: 37.5 | R26: 37.5 | S26: 75 | T26: 75 | U26: 75 | V26: 52.5 | W26: 71.25 | X26: 75 | Y26: 67.5
A27: Emre | B27: 90 | C27: 95 | D27: 95 | E27: 100 | F27: 95 | G27: 70 | H27: 65 | I27: 90 | J27: 90 | K27: 90 | L27: 70 | M27: 95 | N27: 70 | O27: 70 | P27: 100 | Q27: 80 | R27: 90 | S27: 90 | T27: 100 | U27: 100 | V27: 85 | W27: 100 | X27: 100 | Y27: 100
A28: Farhad | B28: 75 | C28: 67.5 | D28: 75 | E28: 75 | F28: 75 | G28: 52.5 | H28: 60 | I28: 67.5 | J28: 67.5 | K28: 52.5 | L28: 0 | M28: 75 | N28: 75 | O28: 67.5 | P28: 75 | Q28: 52.5 | R28: 37.5 | S28: 75 | T28: 75 | U28: 75 | V28: 63.75 | W28: 56.25 | X28: 75 | Y28: 75
A29: Ömer | B29: 100 | C29: 100 | D29: 100 | E29: 100 | F29: 100 | G29: 80 | H29: 100 | I29: 90 | J29: 80 | K29: 90 | L29: 70 | M29: 70 | N29: 100
A30: Malik | B30: 100 | C30: 100 | D30: 80 | E30: 100 | F30: 100 | G30: 80 | H30: 100 | I30: 90 | J30: 90 | K30: 90 | L30: 70 | M30: 100 | N30: 75 | O30: 90 | P30: 100 | Q30: 100 | R30: 60 | S30: 100 | T30: 100 | U30: 100 | V30: 70 | W30: 100 | X30: 100 | Y30: 80
A31: Yılmaz | B31: 80 | C31: 80 | D31: 80 | E31: 80 | F31: 80 | G31: 64 | H31: 80 | I31: 72 | J31: 72 | K31: 72 | L31: 56 | M31: 80 | N31: 80 | O31: 72 | P31: 64 | Q31: 80 | R31: 56 | S31: 80 | T31: 72 | U31: 80 | V31: 68 | W31: 80 | X31: 64 | Y31: 72
A32: Furkan | R32: 80 | S32: 80 | T32: 80 | U32: 80 | V32: 68 | W32: 80 | X32: 80 | Y32: 80
B36: timespent
A37: İslam
A38: MuratSaç
A39: Emre
A40: Farhad
A41: Ömer
A42: Malik
A43: Yılmaz

Sheet 2026
A1: KODLANAN MADDE SAYISI
B2: 18 Aralık-14 Ocak 2026 | C2: 15-28 Ocak 2026 | D2: 29 Ocak-11 Şubat 2026 | E2: 12-25 Şubat 2026 | F2: 26 Şubat-11 Mart 2026 | G2: 12 Mart-1 Nisan 2026 | H2: 2-15 Nisan 2026
A3: İslam | B3: 20 | C3: 14 | D3: 9 | E3: 17 | F3: 12 | G3: 26 | H3: 10
A4: MuratSaç | B4: 13 | C4: 4 | D4: 4 | E4: 7 | F4: 8 | G4: 18 | H4: 12
A5: Emre | B5: 15 | C5: 8 | D5: 9 | E5: 6 | F5: 9 | G5: 11 | H5: 13
A6: Farhad | B6: 20 | C6: 7 | D6: 15 | E6: 16 | F6: 12 | G6: 15 | H6: 9
A7: Malik | B7: 15 | C7: 8 | D7: 5 | E7: 7 | F7: 5 | G7: 20 | H7: 4
A8: Yılmaz | B8: 15 | C8: 8 | D8: 17 | E8: 14 | F8: 12 | G8: 16 | H8: 17
A9: Furkan | B9: 14 | C9: 11 | D9: 8 | E9: 12 | F9: 12 | G9: 10 | H9: 9
A11: TOPLAM GERÇEKLEŞEN SCORE
B12: 18 Aralık-14 Ocak 2026 | C12: 15-28 Ocak 2026 | D12: 29 Ocak-11 Şubat 2026 | E12: 12-25 Şubat 2026 | F12: 26 Şubat-11 Mart 2026 | G12: 12 Mart-1 Nisan 2026 | H12: 2-15 Nisan 2026
A13: İslam | B13: 127.948 | C13: 54.5 | D13: 30 | E13: 62.5 | F13: 29.2 | G13: 71.36 | H13: 98.2
A14: MuratSaç | B14: 129.528 | C14: 49.44 | D14: 100.12 | E14: 43.4 | F14: 28.6 | G14: 45.5 | H14: 36.7
A15: Emre | B15: 113.3 | C15: 49.8 | D15: 64.1 | E15: 69.2 | F15: 88.36 | G15: =54.72+19.2 -> 73.92 | H15: 61.3
A16: Farhad | B16: 104.608 | C16: 35.2 | D16: 82.42 | E16: 74.7 | F16: 63.28 | G16: 90.8 | H16: =37.2+28.8 -> 66
A17: Malik | B17: 144.282 | C17: 71.06 | D17: 62.5 | E17: 98.6 | F17: 76.41 | G17: 99.66 | H17: 55.8
A18: Yılmaz | B18: 56.47 | C18: 34.8 | D18: 56.1 | E18: 53.1 | F18: 70 | G18: 64.4 | H18: 51.3
A19: Furkan | B19: 48.42 | C19: 37 | D19: 38.4 | E19: 33.4 | F19: 45 | G19: 23 | H19: 38.6
A21: BEKLENEN SCORE
B22: 18 Aralık-14 Ocak 2026 | C22: 15-28 Ocak 2026 | D22: 29 Ocak-11 Şubat 2026 | E22: 12-25 Şubat 2026 | F22: 26 Şubat-11 Mart 2026 | G22: 12 Mart-1 Nisan 2026 | H22: 2-15 Nisan 2026
A23: İslam | B23: 165 | C23: 100 | D23: 80 | E23: 100 | F23: 95 | G23: 135 | H23: 95
A24: MuratSaç | B24: 138.75 | C24: 80 | D24: 80 | E24: 76 | F24: 80 | G24: 108 | H24: 76
A25: Emre | B25: 170 | C25: 80 | D25: 100 | E25: 100 | F25: 100 | G25: 100 | H25: 95
A26: Farhad | B26: 135 | C26: 76 | D26: 80 | E26: 80 | F26: 80 | G26: 108 | H26: 80
A27: Malik | B27: 180 | C27: 100 | D27: 100 | E27: 100 | F27: 100 | G27: 130 | H27: 85
A28: Yılmaz | B28: 124 | C28: 80 | D28: 80 | E28: 80 | F28: 80 | G28: 108 | H28: 80
A29: Furkan | B29: 148 | C29: 100 | D29: 90 | E29: 100 | F29: 100 | G29: 135 | H29: 100

Sheet GENEL GÖRÜNTÜ
A1: Kodlananlara göre Kapasite % | B1: 2-15 Nisan 2026 | C1: 12 Mart-1 Nisan 20206 | D1: 26 Şubat-11 Mart 2026 | E1: 12-25 Şubat 2026 | F1: 29 Ocak-11 Şubat 2026 | G1: 15-28 OCAK 2026 | H1: 18 ARALIK-14 OCAK 2026 | I1: 4-17 Aralık 2025 | J1: 20 Kasım-3 Aralık 2025 | K1: 6 -19 Kasım 2025 | L1: 23 Ekim-5 Kasım 2025 | M1: 9-22 Ekim 2025 | N1: 25 Eylül-8 Ekim 2025 | O1: 11-24 Eylül 2025 | P1: 21 AĞUSTOS-10 EYLÜL 2025 | Q1: 7-20 AĞUSTOS 2025 | R1: 24 TEMMUZ - 6 AĞUSTOS 2025 | S1: 10-23 TEMMUZ 2025 | T1: 26 HAZİRAN-9 TEMMUZ 2025 | U1: 12-25 HAZİRAN 2025 | V1: 29 MAYIS-11 HAZİRAN 2025 | W1: 15-28 MAYIS 2025 | X1: 1-14 MAYIS 2025 | Y1: 17-30 NİSAN 2025 | Z1: 3-16 NİSAN 2025 | AA1: 20 MART-2 NİSAN 2025 | AB1: 6-19 MART 2025 | AC1: 20 ŞUBAT-5 MART | AD1: 6-19 ŞUBAT 2025 | AE1: 23 OCAK-5 ŞUBAT 2025 | AF1: 9-22 Ocak 2025 | AG1: 23 Aralık-8 Ocak 2025 | AH1: 9-22 Aralık 2024 | AI1: 25 Kasım-8 Aralık 2024 | AJ1: 11_24 Kasım 2024 | AK1: 30 Ekim-10 Kasım | AL1: 14-29 Ekim | AM1: 30 Eylül-13 Eki | AN1: 9-29 Eylül | AO1: 19-30 ağustos | AP1: 5-18 ağustos | AQ1: 22 temmuz-4 ağustos | AR1: 8-21 Temmuz 2024 | AS1: 17 Haziran- 7 Temmuz 2024 | AT1: 3-16 Haziran 2024 | AU1: 20 Mayıs-2 Haziran 2024 | AV1: 6-19 Mayıs 2024 | AW1: 22 Nisan-5 Mayıs 2024 | AX1: 1-21 Nisan 2024 | AY1: 18-31 Mart 2024 | AZ1: 4-17 Mart 2024 | BA1: 19 Şubat-3 Mart 2024 | BB1: 5-18 Şubat 2024 | BC1: 22 ocak-4 Şubat 2024 | BD1: 8-21 Ocak 2024
A2: İslam | B2: 1.0337 | C2: 0.5268 | D2: 0.3003 | E2: 0.66 | F2: 0.395 | G2: 0.544 | H2: 0.7754 | I2: 0.8186 | J2: 0.8266 | K2: 0.6417 | L2: 0.9274 | M2: 0.4986 | N2: 0.6195 | O2: 0.7253 | P2: 0.771 | Q2: 0.7587 | R2: 0.6681 | S2: 0.6349 | T2: 0.657 | U2: 0.7459 | V2: 0.4809 | W2: 1.1473 | X2: 0.4587 | Y2: 0.7789 | Z2: 0.6548 | AA2: 0.3774 | AB2: 0.7722 | AC2: 0.5292 | AD2: 0.5134 | AE2: 1.0129 | AF2: 0.3396 | AG2: 0.6688 | AH2: 0.0406 | AI2: 0.5014 | AJ2: 0.4647 | AK2: 0.4353 | AL2: 0.6569 | AM2: 0.4266 | AN2: 0.5758 | AO2: 0.8511 | AP2: 0.71055 | AQ2: 0.7252 | AR2: 0.7531 | AS2: 0.41 | AT2: 0.6069 | AU2: 0.45 | AV2: 1.2063 | AW2: 0.59982609 | AX2: 0.59982609 | AY2: 0.77182 | AZ2: 0.7785 | BA2: 0.54481 | BB2: 0.555 | BC2: 0.76789 | BD2: 0.73098 | BE2: =SUM(AX2:BD2)/7 -> 0.67840373
A3: MuratSaç | B3: 0.4829 | C3: 0.4213 | D3: 0.4275 | E3: 0.705 | F3: 1.155 | G3: 0.618 | H3: 0.9335 | I3: 1.1416 | J3: 0.8837 | K3: 0.8701 | L3: 0.8606 | M3: 0.81 | N3: 0.4644 | O3: 0.8477 | P3: 0.3587 | Q3: 0.5888 | R3: 1.0085 | S3: 1.0194 | T3: 0.9197 | U3: 1.1667 | V3: 0.6242 | W3: 1.2 | X3: 0.8945 | Y3: 0.9601 | Z3: 0.6664 | AA3: 0.8311 | AB3: 1.0222 | AC3: 1.0517 | AD3: 0.9122 | AE3: 1.0234 | AF3: 1 | AG3: 1.034 | AH3: 0.8205 | AI3: 0.8846 | AJ3: 0.8365 | AK3: 0.8303 | AL3: 0.6235 | AM3: 0.8477 | AN3: 0.5237 | AO3: 1.0222 | AP3: 0.42773333 | AQ3: 0.66666667 | AR3: 0.832 | AS3: 0.8889 | AT3: 0.9591 | AU3: 0.2347 | AV3: 0.6739 | AW3: 0.40044058 | AX3: 0.40044058 | AY3: 0.54464 | AZ3: 1.0855 | BA3: 0.30871111 | BB3: 0.69394286 | BC3: 0.3432 | BD3: 0.54666667 | BE3: =SUM(AX3:BD3)/7 -> 0.56044303
A4: Emre | B4: 0.6453 | C4: 0.7392 | D4: 0.6667 | E4: 0.6268 | F4: 0.641 | G4: 0.6225 | H4: 0.6665 | I4: 0.7617 | J4: 0.8521 | K4: 0.7237 | L4: 0.8714 | M4: 0.7035 | N4: 0.9329 | O4: 0.8369 | P4: 0.8825 | Q4: 0.8443 | R4: 0.8363 | S4: 0.7814 | T4: 0.5467 | U4: 0.7583 | V4: 0.8557 | W4: 0.7667 | X4: 0.8343 | Y4: 0.7608 | Z4: 0.9249 | AA4: 0.6676 | AB4: 0.7656 | AC4: 0.6601 | AD4: 0.7487 | AE4: 0.6501 | AF4: 0.8037 | AG4: 0.7442 | AH4: 0.7413 | AI4: 0.7718 | AJ4: 0.8152 | AK4: 0.697 | AL4: 0.7272 | AM4: 0.7505 | AN4: 0.7647 | AO4: 0.8696 | AP4: 1.0539765 | AQ4: 0.69565 | AR4: 0.6532 | AS4: 0.5189 | AT4: 0.7086 | AU4: 0.2565 | AV4: 0.8244 | AW4: 0.70966667 | AX4: 0.70966667 | AY4: 0.65106 | AZ4: 0.66045 | BA4: 0.881 | BB4: 0.67784211 | BC4: 0.8524 | BD4: 0.80674 | BE4: =SUM(AX4:BD4)/7 -> 0.74845125
A5: Farhad | B5: 0.825 | C5: 0.8407 | D5: 0.4852 | E5: 0.6963 | F5: 1.033 | G5: 0.4632 | H5: 0.7749 | I5: 0.8183 | J5: 0.9743 | K5: 0.9876 | L5: 0.4511 | M5: 1.5494 | N5: 0.7648 | O5: 0.9082 | P5: 1.108 | Q5: 0.5011 | R5: 0.4477 | S5: 1.2183 | T5: 1.0772 | U5: 0.854 | W5: 0.9354 | X5: 0.8074 | Y5: 1.3487 | Z5: 1.2219 | AA5: 0.583 | AB5: 1.4922 | AC5: 0.7175 | AD5: 0.8362 | AE5: 1.3143 | AF5: 0.912 | AG5: 0.8434 | AH5: 0.788 | AI5: 0.5138 | AJ5: 0.8524 | AK5: 0.8199 | AL5: 0.7896 | AM5: 0.9212 | AN5: 0.9217 | AO5: 1.0733 | AP5: 1.3085333 | AQ5: 0.7744 | AR5: 1.2418 | AS5: 0.663 | AT5: 1.0783 | AU5: 0.9152 | AV5: 0.6909 | AW5: 1.1899649 | AX5: 1.1899649 | AY5: 0.83626667 | AZ5: 0.76186667 | BA5: 0.66750667 | BB5: 1.3846667 | BC5: 0.25493333 | BD5: 0.86398333 | BE5: =SUM(AX5:BD5)/7 -> 0.85131261
A6: Malik | B6: 0.6565 | C6: 0.7666 | D6: 0.4607 | E6: 0.6125 | F6: 0.625 | G6: 0.7106 | H6: 0.8016 | I6: 1.5503 | J6: 0.7116 | K6: 0.9158 | L6: 1.2637 | M6: 1.2349 | N6: 1.2349 | O6: 1.4155 | P6: 0.312 | Q6: 1.1121 | R6: 0.9418 | S6: 1.2521 | T6: 0.991 | U6: 0.8572 | V6: 0.8101 | W6: 1.0961 | X6: 1.3793 | Y6: 0.5242 | Z6: 1.44 | AA6: 1.98 | AB6: 1.074 | AC6: 1.3068 | AD6: 0.7474 | AE6: 0.989 | AF6: 0.82 | AG6: 0.7289 | AH6: 0.9397 | AI6: 0.4765 | AJ6: 0.9664 | AK6: 1.0481 | AL6: 1.0178 | AM6: 1.8676 | AN6: 0.7987 | AO6: 0.6923 | AP6: 0.82711 | AQ6: 0.689 | AR6: 1.1471 | AS6: 0.8668 | AT6: 0.7014 | AU6: 0.4435 | AV6: 1.046 | AW6: 0.73754783 | AX6: 0.73754783 | AY6: 1.1967 | AZ6: 1.08592 | BA6: 0.7504 | BB6: 0.37611765 | BC6: 1.0808824 | BD6: 1.0484 | BE6: =SUM(AX6:BD6)/7 -> 0.89656683
A7: Yılmaz | B7: 0.6413 | C7: 0.5963 | D7: 0.4202 | E7: 0.2355 | F7: 0.7013 | G7: 0.435 | H7: 0.4554 | I7: 0.4249 | J7: 0.6988 | K7: 0.3913 | L7: 0.6683 | M7: 0.8239 | N7: 0.6604 | O7: 0.9488 | P7: 0.4985 | Q7: 0.515 | R7: 1.0541 | S7: 1.3571 | T7: 0.836 | U7: 0.7477 | V7: 0.4596 | W7: 0.5039 | X7: 0.8837 | Y7: 0.9178 | Z7: 0.9081 | AA7: 0.9436 | AB7: 0.8458 | AC7: 0.7969 | AD7: 1.3503 | AE7: 0.9516 | AF7: 1.2374 | AG7: 0.8826 | AH7: 0.525 | AI7: 0.5426 | AJ7: 0.5704 | AK7: 0.6913 | AL7: 0.6381 | AM7: 0.6172 | AN7: 0.9766 | AO7: 0.6142 | AP7: 0.919 | AQ7: 0.80275 | AR7: 0.5543 | AS7: 0.4891 | AT7: 0.7846 | AU7: 0.6209 | AV7: 0.9713 | AW7: 0.24630435 | AX7: 0.24630435 | AY7: 0.7149375 | AZ7: 0.81275 | BA7: 0.9484 | BB7: 0.3734 | BC7: 0.4251125 | BD7: 0.245025 | BE7: =SUM(AX7:BD7)/7 -> 0.53798991
A8: Furkan | B8: 0.386 | C8: 0.1704 | D8: 0.65 | E8: 0.7435 | F8: 0.4267 | G8: 0.37 | H8: 0.3272 | I8: 0.2213 | J8: 0.4213 | K8: 0.8157 | L8: 0.3706 | M8: 0.4488 | N8: 0.1924 | O8: 0.5931 | P8: 0.3238
H10: =AVERAGE(H2:H8) -> 0.67635714 | I10: =AVERAGE(I2:I8) -> 0.81952857 | J10: =AVERAGE(J2:J8) -> 0.76691429 | K10: =AVERAGE(K2:K8) -> 0.7637 | L10: =AVERAGE(L2:L8) -> 0.7733 | M10: =AVERAGE(M2:M8) -> 0.86701429 | N10: =AVERAGE(N2:N8) -> 0.69561429 | O10: =AVERAGE(O2:O8) -> 0.8965 | P10: =AVERAGE(P2:P8) -> 0.60778571 | Q10: =AVERAGE(Q2:Q7) -> 0.72 | R10: =AVERAGE(R2:R7) -> 0.82608333 | S10: =AVERAGE(S2:S7) -> 1.0438667 | T10: =AVERAGE(T2:T7) -> 0.83793333 | U10: =AVERAGE(U2:U7) -> 0.85496667 | V10: =AVERAGE(V2:V7) -> 0.6461 | W10: =AVERAGE(W2:W7) -> 0.94156667 | X10: =AVERAGE(X2:X7) -> 0.87631667 | ... AN10: =AVERAGE(AN2:AN7) -> 0.7602
Q12: =AVERAGE(Q10:AN10) -> 0.8339375

Sheet 2-15 Nisan 2026
B1: Kodladığı Madde Sayısı | C1: Toplam Score | D1: Beklenen Score | E1: Kodlananlara göre Kapasite % | F1: Testten Dönen Madde Sayısı | G1: TimeSpent | H1: Madde detayları
A2: İslam | B2: 10 | C2: 98.2 | D2: 95 | E2: =C2/D2 -> 1.0336842 | F2: 1 | G2: 78.42 | H2: https://docs.google.com/spreadsheets/d/1gXd-V9gi9DNGzEllZsklwMJw6I0LW4T8/edit?gid=1678709265#gid=1678709265
A3: MuratSaç | B3: 12 | C3: 36.7 | D3: 76 | E3: =C3/D3 -> 0.48289474 | F3: 2 | G3: 37 | H3: https://docs.google.com/spreadsheets/d/1gXd-V9gi9DNGzEllZsklwMJw6I0LW4T8/edit?gid=1309167043#gid=1309167043
A4: Emre | B4: 13 | C4: 61.3 | D4: 95 | E4: =C4/D4 -> 0.64526316 | F4: 0 | G4: 71.95 | H4: https://docs.google.com/spreadsheets/d/1gXd-V9gi9DNGzEllZsklwMJw6I0LW4T8/edit?gid=744277439#gid=744277439
A5: Farhad | B5: 9 | C5: =37.2+28.8 -> 66 | D5: 80 | E5: =C5/D5 -> 0.825 | F5: 0 | G5: 57.05 | H5: https://docs.google.com/spreadsheets/d/1gXd-V9gi9DNGzEllZsklwMJw6I0LW4T8/edit?gid=1469583701#gid=1469583701
A6: Malik | B6: 4 | C6: 55.8 | D6: 85 | E6: =C6/D6 -> 0.65647059 | F6: 4 | G6: 52.83 | H6: https://docs.google.com/spreadsheets/d/1gXd-V9gi9DNGzEllZsklwMJw6I0LW4T8/edit?gid=1508604409#gid=1508604409
A7: Yılmaz | B7: 17 | C7: 51.3 | D7: 80 | E7: =C7/D7 -> 0.64125 | F7: 1 | G7: 32.47 | H7: https://docs.google.com/spreadsheets/d/1gXd-V9gi9DNGzEllZsklwMJw6I0LW4T8/edit?gid=1114084665#gid=1114084665
A8: Furkan | B8: 9 | C8: 38.6 | D8: 100 | E8: =C8/D8 -> 0.386 | F8: 2 | G8: 81.42 | H8: https://docs.google.com/spreadsheets/d/1gXd-V9gi9DNGzEllZsklwMJw6I0LW4T8/edit?gid=915348345#gid=915348345
E13: Sıra | F13: Kişi | G13: KPI Notu
E14: 1 | F14: İslam | G14: 4.94
E15: 2 | F15: Farhad | G15: 4.32
E16: 3 | F16: Yılmaz | G16: 3.58
E17: 4 | F17: Emre | G17: 3.24
E18: 6 | F18: Murat | G18: 3.01
E19: 7 | F19: Malik | G19: 2.22
E20: 8 | F20: Furkan | G20: 2.21

Sheet 12 Mart-1 Nisan 2026
B1: Kodladığı Madde Sayısı | C1: Toplam Score | D1: Beklenen Score | E1: Kodlananlara göre Kapasite % | F1: Testten Dönen Madde Sayısı | G1: TimeSpent | H1: Madde detayları
A2: İslam | B2: 26 | C2: 71.36 | D2: 135 | E2: =C2/D2 -> 0.52859259 | F2: 7 | G2: 50.67 | H2: https://docs.google.com/spreadsheets/d/1vlmPNLbeL-o1E2uvkXKyu6BPSi4Ktumc/edit?gid=1678709265#gid=1678709265
A3: MuratSaç | B3: 18 | C3: 45.5 | D3: 108 | E3: =C3/D3 -> 0.4212963 | F3: 1 | G3: 50.5 | H3: https://docs.google.com/spreadsheets/d/1vlmPNLbeL-o1E2uvkXKyu6BPSi4Ktumc/edit?gid=1309167043#gid=1309167043
A4: Emre | B4: 11 | C4: =54.72+19.2 -> 73.92 | D4: 100 | E4: =C4/D4 -> 0.7392 | F4: 0 | G4: 63.73 | H4: https://docs.google.com/spreadsheets/d/1vlmPNLbeL-o1E2uvkXKyu6BPSi4Ktumc/edit?gid=744277439#gid=744277439
A5: Farhad | B5: 15 | C5: 90.8 | D5: 108 | E5: =C5/D5 -> 0.84074074 | F5: 0 | G5: 79.6 | H5: https://docs.google.com/spreadsheets/d/1vlmPNLbeL-o1E2uvkXKyu6BPSi4Ktumc/edit?gid=1469583701#gid=1469583701
A6: Malik | B6: 20 | C6: 99.66 | D6: 130 | E6: =C6/D6 -> 0.76661538 | F6: 3 | G6: 70.1 | H6: https://docs.google.com/spreadsheets/d/1vlmPNLbeL-o1E2uvkXKyu6BPSi4Ktumc/edit?gid=1508604409#gid=1508604409
A7: Yılmaz | B7: 16 | C7: 64.4 | D7: 108 | E7: =C7/D7 -> 0.5962963 | F7: 0 | G7: 40.25 | H7: https://docs.google.com/spreadsheets/d/1vlmPNLbeL-o1E2uvkXKyu6BPSi4Ktumc/edit?gid=1114084665#gid=1114084665
A8: Furkan | B8: 10 | C8: 23 | D8: 135 | E8: =C8/D8 -> 0.17037037 | F8: 2 | G8: 43.75 | H8: https://docs.google.com/spreadsheets/d/1vlmPNLbeL-o1E2uvkXKyu6BPSi4Ktumc/edit?gid=915348345#gid=915348345
E13: Sıra | F13: Kişi | G13: KPI Notu
E14: 1 | F14: Farhad | G14: 4.78
E15: 2 | F15: Emre | G15: 3.61
E16: 3 | F16: Yılmaz | G16: 3.61
E17: 4 | F17: Malik | G17: 3.38
E18: 6 | F18: Murat | G18: 3.2
E19: 7 | F19: İslam | G19: 2.52
E20: 8 | F20: Furkan | G20: 1.64

Sheet 26 Şubat-11 Mart 2026
B1: Kodladığı Madde Sayısı | C1: Toplam Score | D1: Beklenen Score | E1: Kodlananlara göre Kapasite % | F1: Testten Dönen Madde Sayısı | G1: TimeSpent | H1: Madde detayları
A2: İslam | C2: 29.2 | D2: 95 | E2: =C2/D2 -> 0.30736842 | F2: 12 | G2: 30.03 | H2: https://docs.google.com/spreadsheets/d/1NgNKA9n3B2xrOOR1M9jZ0oWAxXR4tuub/edit?gid=1678709265#gid=1678709265
A3: MuratSaç | C3: 28.6 | D3: 80 | E3: =C3/D3 -> 0.3575 | F3: 8 | G3: 42.75 | H3: https://docs.google.com/spreadsheets/d/1NgNKA9n3B2xrOOR1M9jZ0oWAxXR4tuub/edit?gid=1309167043#gid=1309167043
A4: Emre | C4: 88.36 | D4: 100 | E4: =C4/D4 -> 0.8836 | F4: 9 | G4: 66.67 | H4: https://docs.google.com/spreadsheets/d/1NgNKA9n3B2xrOOR1M9jZ0oWAxXR4tuub/edit?gid=744277439#gid=744277439
A5: Farhad | C5: 63.28 | D5: 80 | E5: =C5/D5 -> 0.791 | F5: 12 | G5: 48.52 | H5: https://docs.google.com/spreadsheets/d/1NgNKA9n3B2xrOOR1M9jZ0oWAxXR4tuub/edit?gid=1469583701#gid=1469583701
A6: Malik | C6: 76.41 | D6: 100 | E6: =C6/D6 -> 0.7641 | F6: 5 | G6: 46.07 | H6: https://docs.google.com/spreadsheets/d/1NgNKA9n3B2xrOOR1M9jZ0oWAxXR4tuub/edit?gid=1508604409#gid=1508604409
A7: Yılmaz | C7: 70 | D7: 80 | E7: =C7/D7 -> 0.875 | F7: 12 | G7: 42.02 | H7: https://docs.google.com/spreadsheets/d/1NgNKA9n3B2xrOOR1M9jZ0oWAxXR4tuub/edit?gid=1114084665#gid=1114084665
A8: Furkan | C8: 45 | D8: 100 | E8: =C8/D8 -> 0.45 | F8: 12 | G8: 65 | H8: https://docs.google.com/spreadsheets/d/1NgNKA9n3B2xrOOR1M9jZ0oWAxXR4tuub/edit?gid=915348345#gid=915348345
E13: Sıra | F13: Kişi | G13: KPI Notu
E14: 1 | F14: Farhad | G14: 4.27
E15: 2 | F15: Yılmaz | G15: 4.21
E16: 3 | F16: Emre | G16: 3.95
E17: 4 | F17: Malik | G17: 3.32
E18: 6 | F18: Murat | G18: 2.87
E19: 7 | F19: Furkan | G19: 2.5
E20: 8 | F20: İslam | G20: 2

Sheet 12-25 Şubat 2026
B1: Kodladığı Madde Sayısı | C1: Toplam Score | D1: Beklenen Score | E1: Kodlananlara göre Kapasite % | F1: Testten Dönen Madde Sayısı | G1: TimeSpent | H1: Madde detayları
A2: İslam | B2: 17 | C2: 62.5 | D2: 100 | E2: =C2/D2 -> 0.625 | F2: 4 | G2: 66 | H2: https://docs.google.com/spreadsheets/d/1a86nUraVcRlaefM0T4K6KjvOZk6VA-Pe/edit?gid=1678709265#gid=1678709265
A3: MuratSaç | B3: 7 | C3: 43.4 | D3: 76 | E3: =C3/D3 -> 0.57105263 | F3: 1 | G3: 70.5 | H3: https://docs.google.com/spreadsheets/d/1a86nUraVcRlaefM0T4K6KjvOZk6VA-Pe/edit?gid=1309167043#gid=1309167043
A4: Emre | B4: 6 | C4: 69.2 | D4: 100 | E4: =C4/D4 -> 0.692 | F4: 1 | G4: 62.68 | H4: https://docs.google.com/spreadsheets/d/1a86nUraVcRlaefM0T4K6KjvOZk6VA-Pe/edit?gid=744277439#gid=744277439
A5: Farhad | B5: 16 | C5: 74.7 | D5: 80 | E5: =C5/D5 -> 0.93375 | F5: 1 | G5: 69.63 | H5: https://docs.google.com/spreadsheets/d/1a86nUraVcRlaefM0T4K6KjvOZk6VA-Pe/edit?gid=1469583701#gid=1469583701
A6: Malik | B6: 7 | C6: 98.6 | D6: 100 | E6: =C6/D6 -> 0.986 | F6: 2 | G6: 61.25 | H6: https://docs.google.com/spreadsheets/d/1a86nUraVcRlaefM0T4K6KjvOZk6VA-Pe/edit?gid=1508604409#gid=1508604409
A7: Yılmaz | B7: 14 | C7: 53.1 | D7: 80 | E7: =C7/D7 -> 0.66375 | F7: 0 | G7: 23.55 | H7: https://docs.google.com/spreadsheets/d/1a86nUraVcRlaefM0T4K6KjvOZk6VA-Pe/edit?gid=1114084665#gid=1114084665
A8: Furkan | B8: 12 | C8: 33.4 | D8: 100 | E8: =C8/D8 -> 0.334 | F8: 0 | G8: 74.25 | H8: https://docs.google.com/spreadsheets/d/1a86nUraVcRlaefM0T4K6KjvOZk6VA-Pe/edit?gid=915348345#gid=915348345
E13: Sıra | F13: Kişi | G13: Final Notu
E14: 1 | F14: Farhad | G14: 4.69
E15: 2 | F15: Yılmaz | G15: 3.69
E16: 3 | F16: Malik | G16: 3.68
E17: 4 | F17: Murat | G17: 3.44
E18: 6 | F18: Emre | G18: 3.16
E19: 7 | F19: İslam | G19: 2.8
E20: 8 | F20: Furkan | G20: 2.45

Sheet 29 Ocak-11 Şubat 2026
B1: Kodladığı Madde Sayısı | C1: Toplam Score | D1: Beklenen Score | E1: Kodlananlara göre Kapasite % | F1: Testten Dönen Madde Sayısı | G1: TimeSpent | H1: Madde detayları
A2: İslam | B2: 9 | C2: 30 | D2: 80 | E2: =C2/D2 -> 0.375 | F2: 5 | G2: 39.5 | H2: https://docs.google.com/spreadsheets/d/13T-Uug_Hf9lsjWaP-P7RR8CtBuppncWI/edit?gid=1678709265#gid=1678709265
A3: MuratSaç | B3: 4 | C3: 100.12 | D3: 80 | E3: =C3/D3 -> 1.2515 | F3: 1 | G3: 115.5 | H3: https://docs.google.com/spreadsheets/d/13T-Uug_Hf9lsjWaP-P7RR8CtBuppncWI/edit?gid=1309167043#gid=1309167043
A4: Emre | B4: 9 | C4: 64.1 | D4: 100 | E4: =C4/D4 -> 0.641 | F4: 0 | G4: 64.85 | H4: https://docs.google.com/spreadsheets/d/13T-Uug_Hf9lsjWaP-P7RR8CtBuppncWI/edit?gid=744277439#gid=744277439
A5: Farhad | B5: 15 | C5: 82.42 | D5: 80 | E5: =C5/D5 -> 1.03025 | F5: 0 | G5: 60.58 | H5: https://docs.google.com/spreadsheets/d/13T-Uug_Hf9lsjWaP-P7RR8CtBuppncWI/edit?gid=1469583701#gid=1469583701
A6: Malik | B6: 5 | C6: 62.5 | D6: 100 | E6: =C6/D6 -> 0.625 | F6: 0 | G6: 37.62 | H6: https://docs.google.com/spreadsheets/d/13T-Uug_Hf9lsjWaP-P7RR8CtBuppncWI/edit?gid=1508604409#gid=1508604409
A7: Yılmaz | B7: 17 | C7: 56.1 | D7: 80 | E7: =C7/D7 -> 0.70125 | F7: 2 | G7: 24.23 | H7: https://docs.google.com/spreadsheets/d/13T-Uug_Hf9lsjWaP-P7RR8CtBuppncWI/edit?gid=1114084665#gid=1114084665
A8: Furkan | B8: 8 | C8: 38.4 | D8: 90 | E8: =C8/D8 -> 0.42666667 | F8: 3 | G8: 65.42 | H8: https://docs.google.com/spreadsheets/d/13T-Uug_Hf9lsjWaP-P7RR8CtBuppncWI/edit?gid=915348345#gid=915348345
E13: Sıra | F13: Kişi | G13: Final Notu
E14: 1 | F14: Murat | G14: 5.21
E15: 2 | F15: Farhad | G15: 4.98
E16: 3 | F16: Yılmaz | G16: 3.53
E17: 4 | F17: Emre | G17: 3.23
E18: 6 | F18: Malik | G18: 3.09
E19: 7 | F19: Furkan | G19: 2.21
E20: 8 | F20: İslam | G20: 1.51

Sheet 15-28 Ocak 2026
B1: Kodladığı Madde Sayısı | C1: Toplam Score | D1: Beklenen Score | E1: Kodlananlara göre Kapasite % | F1: Testten Dönen Madde Sayısı | G1: TimeSpent | H1: Madde detayları
A2: İslam | B2: 14 | C2: 54.5 | D2: 100 | E2: =C2/D2 -> 0.545 | F2: 4 | G2: 47.83 | H2: https://docs.google.com/spreadsheets/d/1ItDfL9K1zMrhpLYOZucWjXf3PbQKOlxR/edit?gid=1678709265#gid=1678709265
A3: MuratSaç | B3: 4 | C3: 49.44 | D3: 80 | E3: =C3/D3 -> 0.618 | F3: 1 | G3: 49.5 | H3: https://docs.google.com/spreadsheets/d/1ItDfL9K1zMrhpLYOZucWjXf3PbQKOlxR/edit?gid=1309167043#gid=1309167043
A4: Emre | B4: 8 | C4: 49.8 | D4: 80 | E4: =C4/D4 -> 0.6225 | F4: 1 | G4: 54.67 | H4: https://docs.google.com/spreadsheets/d/1ItDfL9K1zMrhpLYOZucWjXf3PbQKOlxR/edit?gid=744277439#gid=744277439
A5: Farhad | B5: 7 | C5: 35.2 | D5: 76 | E5: =C5/D5 -> 0.46315789 | F5: 0 | G5: 31.5 | H5: https://docs.google.com/spreadsheets/d/1ItDfL9K1zMrhpLYOZucWjXf3PbQKOlxR/edit?gid=1469583701#gid=1469583701
A6: Malik | B6: 8 | C6: 71.06 | D6: 100 | E6: =C6/D6 -> 0.7106 | F6: 2 | G6: 45.68 | H6: https://docs.google.com/spreadsheets/d/1ItDfL9K1zMrhpLYOZucWjXf3PbQKOlxR/edit?gid=1508604409#gid=1508604409
A7: Yılmaz | B7: 8 | C7: 34.8 | D7: 80 | E7: =C7/D7 -> 0.435 | F7: 2 | G7: 19.93 | H7: https://docs.google.com/spreadsheets/d/1ItDfL9K1zMrhpLYOZucWjXf3PbQKOlxR/edit?gid=1114084665#gid=1114084665
A8: Furkan | B8: 11 | C8: 37 | D8: 100 | E8: =C8/D8 -> 0.37 | F8: 1 | G8: 78 | H8: https://docs.google.com/spreadsheets/d/1ItDfL9K1zMrhpLYOZucWjXf3PbQKOlxR/edit?gid=915348345#gid=915348345
E13: Sıra | F13: Kişi | G13: Final Notu
E14: 1 | F14: Murat | G14: 3.54
E15: 2 | F15: Farhad | G15: 3.32
E16: 3 | F16: Malik | G16: 3.27
E17: 4 | F17: Emre | G17: 3.05
E18: 6 | F18: İslam | G18: 2.76
E19: 7 | F19: Yılmaz | G19: 2.73
E20: 8 | F20: Furkan | G20: 2.46

Sheet 18 Aralık-14 Ocak 2026
B1: Kodladığı Madde Sayısı | C1: Toplam Score | D1: Beklenen Score | E1: Kodlananlara göre Kapasite % | F1: Testten Dönen Madde Sayısı | G1: TimeSpent | H1: Madde detayları
A2: İslam | B2: 20 | C2: 127.948 | D2: 165 | E2: =C2/D2 -> 0.77544242 | F2: 1 | G2: 103.5 | H2: https://docs.google.com/spreadsheets/d/16xEzBceW14AKGxXdpfzvf0joUZoP5ekZ/edit?gid=1678709265#gid=1678709265
A3: MuratSaç | B3: 13 | C3: 129.528 | D3: 138.75 | E3: =C3/D3 -> 0.93353514 | F3: 1 | G3: 129.5 | H3: https://docs.google.com/spreadsheets/d/16xEzBceW14AKGxXdpfzvf0joUZoP5ekZ/edit?gid=1309167043#gid=1309167043
A4: Emre | B4: 15 | C4: 113.3 | D4: 170 | E4: =C4/D4 -> 0.66647059 | F4: 0 | G4: 105.28 | H4: https://docs.google.com/spreadsheets/d/16xEzBceW14AKGxXdpfzvf0joUZoP5ekZ/edit?gid=744277439#gid=744277439
A5: Farhad | B5: 20 | C5: 104.608 | D5: 135 | E5: =C5/D5 -> 0.77487407 | F5: 0 | G5: 73.35 | H5: https://docs.google.com/spreadsheets/d/16xEzBceW14AKGxXdpfzvf0joUZoP5ekZ/edit?gid=1469583701#gid=1469583701
A6: Malik | B6: 15 | C6: 144.282 | D6: 180 | E6: =C6/D6 -> 0.80156667 | F6: 1 | G6: 94.82 | H6: https://docs.google.com/spreadsheets/d/16xEzBceW14AKGxXdpfzvf0joUZoP5ekZ/edit?gid=1508604409#gid=1508604409
A7: Yılmaz | B7: 15 | C7: 56.47 | D7: 124 | E7: =C7/D7 -> 0.45540323 | F7: 1 | G7: 61.83 | H7: https://docs.google.com/spreadsheets/d/16xEzBceW14AKGxXdpfzvf0joUZoP5ekZ/edit?gid=1114084665#gid=1114084665
A8: Furkan | B8: 14 | C8: 48.42 | D8: 148 | E8: =C8/D8 -> 0.32716216 | F8: 2 | G8: 130.42 | H8: https://docs.google.com/spreadsheets/d/16xEzBceW14AKGxXdpfzvf0joUZoP5ekZ/edit?gid=915348345#gid=915348345
C9: =SUM(C2:C7) -> 676.136 | D9: =SUM(D2:D7) -> 912.75 | E9: =C9/D9 -> 0.74076801
E13: Sıra | F13: Kişi | G13: Final Notu
E14: 1 | F14: Murat | G14: 4.65
E15: 2 | F15: Farhad | G15: 4.38
E16: 3 | F16: Malik | G16: 3.66
E17: 4 | F17: İslam | G17: 3.63
E18: 6 | F18: Emre | G18: 3.4
E19: 7 | F19: Yılmaz | G19: 3.18
E20: 8 | F20: FurkanÇ | G20: 2.19

Sheet 4-17 Aralık 2025
B1: Kodladığı Madde Sayısı | C1: Toplam Score | D1: Beklenen Score | E1: Kodlananlara göre Kapasite % | F1: Testten Dönen Madde Sayısı | G1: TimeSpent | H1: Madde detayları
A2: İslam | B2: 14 | C2: 57.13 | D2: 70 | E2: =C2/D2 -> 0.81614286 | F2: 1 | G2: 35.67 | H2: https://docs.google.com/spreadsheets/d/1WmCenoOElR-nD5zFqBoEt2b751lEzyJP/edit?gid=1678709265#gid=1678709265
A3: MuratSaç | B3: 8 | C3: 77.06 | D3: 67.5 | E3: =C3/D3 -> 1.1416296 | F3: 0 | G3: 57.5 | H3: https://docs.google.com/spreadsheets/d/1WmCenoOElR-nD5zFqBoEt2b751lEzyJP/edit?gid=1309167043#gid=1309167043
A4: Emre | B4: 12 | C4: 76.17 | D4: 100 | E4: =C4/D4 -> 0.7617 | F4: 1 | G4: 52.52 | H4: https://docs.google.com/spreadsheets/d/1WmCenoOElR-nD5zFqBoEt2b751lEzyJP/edit?gid=744277439#gid=744277439
A5: Farhad | B5: 19 | C5: 61.37 | D5: 75 | E5: =C5/D5 -> 0.81826667 | F5: 1 | G5: 39.48 | H5: https://docs.google.com/spreadsheets/d/1WmCenoOElR-nD5zFqBoEt2b751lEzyJP/edit?gid=1469583701#gid=1469583701
A6: Malik | B6: 8 | C6: 124.02 | D6: 80 | E6: =C6/D6 -> 1.55025 | F6: 0 | G6: 82.85 | H6: https://docs.google.com/spreadsheets/d/1WmCenoOElR-nD5zFqBoEt2b751lEzyJP/edit?gid=1508604409#gid=1508604409
A7: Yılmaz | B7: 10 | C7: 30.59 | D7: 72 | E7: =C7/D7 -> 0.42486111 | F7: 0 | G7: 11.8 | H7: https://docs.google.com/spreadsheets/d/1WmCenoOElR-nD5zFqBoEt2b751lEzyJP/edit?gid=1114084665#gid=1114084665
A8: Furkan | B8: 8 | C8: 17.7 | D8: 80 | E8: =C8/D8 -> 0.22125 | F8: 2 | G8: 73 | H8: https://docs.google.com/spreadsheets/d/1WmCenoOElR-nD5zFqBoEt2b751lEzyJP/edit?gid=915348345#gid=915348345
C9: =SUM(C2:C7) -> 426.34 | D9: =SUM(D2:D7) -> 464.5 | E9: =C9/D9 -> 0.91784715
E13: Sıra | F13: Kişi | G13: Final Notu
E14: 1 | F14: Murat | G14: 5.27
E15: 2 | F15: Malik | G15: 5.22
E16: 3 | F16: Farhad | G16: 4.13
E17: 4 | F17: İslam | G17: 3.54
E18: 6 | F18: Emre | G18: 3.45
E19: 7 | F19: Yılmaz | G19: 3.09
E20: 8 | F20: Furkan | G20: 1.64

Sheet 20 Kasım-3 Aralık 2025
B1: Kodladığı Madde Sayısı | C1: Toplam Score | D1: Beklenen Score | E1: Kodlananlara göre Kapasite % | F1: Testten Dönen Madde Sayısı | G1: TimeSpent | H1: Madde detayları
A2: İslam | B2: 4 | C2: 74.392 | D2: 90 | E2: =C2/D2 -> 0.82657778 | F2: 1 | G2: 61.25 | H2: https://docs.google.com/spreadsheets/d/1YE4bigwfSk72H9yUhhx1kvhx66USHCE2/edit?gid=1678709265#gid=1678709265
A3: MuratSaç | B3: 3 | C3: 66.275 | D3: 75 | E3: =C3/D3 -> 0.88366667 | F3: 3 | G3: 54.5 | H3: https://docs.google.com/spreadsheets/d/1YE4bigwfSk72H9yUhhx1kvhx66USHCE2/edit?gid=1309167043#gid=1309167043
A4: Emre | B4: 6 | C4: 85.21 | D4: 100 | E4: =C4/D4 -> 0.8521 | F4: 2 | G4: 71.37 | H4: https://docs.google.com/spreadsheets/d/1YE4bigwfSk72H9yUhhx1kvhx66USHCE2/edit?gid=744277439#gid=744277439
A5: Farhad | B5: 12 | C5: 73.072 | D5: 75 | E5: =C5/D5 -> 0.97429333 | F5: 1 | G5: 49.82 | H5: https://docs.google.com/spreadsheets/d/1YE4bigwfSk72H9yUhhx1kvhx66USHCE2/edit?gid=1469583701#gid=1469583701
A6: Malik | B6: 10 | C6: 71.158 | D6: 100 | E6: =C6/D6 -> 0.71158 | F6: 3 | G6: 46.63 | H6: https://docs.google.com/spreadsheets/d/1YE4bigwfSk72H9yUhhx1kvhx66USHCE2/edit?gid=1508604409#gid=1508604409
A7: Yılmaz | B7: 14 | C7: 44.725 | D7: 64 | E7: =C7/D7 -> 0.69882813 | F7: 1 | G7: 20.45 | H7: https://docs.google.com/spreadsheets/d/1YE4bigwfSk72H9yUhhx1kvhx66USHCE2/edit?gid=1114084665#gid=1114084665
A8: Furkan | B8: 8 | C8: 33.7 | D8: 80 | E8: =C8/D8 -> 0.42125 | F8: 4 | G8: 59 | H8: https://docs.google.com/spreadsheets/d/1YE4bigwfSk72H9yUhhx1kvhx66USHCE2/edit?gid=915348345#gid=915348345
C9: =SUM(C2:C7) -> 414.832 | D9: =SUM(D2:D7) -> 504 | E9: =C9/D9 -> 0.82307937
E13: Sıra | F13: Kişi | G13: Final Notu
E14: 1 | F14: Farhad | G14: 4.71
E15: 2 | F15: Yılmaz | G15: 3.62
E16: 3 | F16: Emre | G16: 3.6
E17: 4 | F17: İslam | G17: 3.56
E18: 5 | F18: Murat | G18: 3.46
E19: 6 | F19: Malik | G19: 2.86
E20: 7 | F20: Furkan | G20: 1.64

Sheet 6 -19 Kasım 2025
B1: Kodladığı Madde Sayısı | C1: Toplam Score | D1: Beklenen Score | E1: Kodlananlara göre Kapasite % | F1: Testten Dönen Madde Sayısı | G1: TimeSpent | H1: Madde detayları
A2: İslam | B2: 21 | C2: 64.17 | D2: 100 | E2: =C2/D2 -> 0.6417 | F2: 3 | G2: 47.58 | H2: https://docs.google.com/spreadsheets/d/1F_eipzztW0pw3Lfr6fDtLliIKaGyQ3at/edit?gid=1678709265#gid=1678709265
A3: MuratSaç | B3: 4 | C3: 61.997 | D3: 71.25 | E3: =C3/D3 -> 0.87013333 | F3: 2 | G3: 45 | H3: https://docs.google.com/spreadsheets/d/1F_eipzztW0pw3Lfr6fDtLliIKaGyQ3at/edit?gid=1309167043#gid=1309167043
A4: Emre | B4: 8 | C4: 72.372 | D4: 100 | E4: =C4/D4 -> 0.72372 | F4: 1 | G4: 49.28 | H4: https://docs.google.com/spreadsheets/d/1F_eipzztW0pw3Lfr6fDtLliIKaGyQ3at/edit?gid=744277439#gid=744277439
A5: Farhad | B5: 7 | C5: 55.55 | D5: 56.25 | E5: =C5/D5 -> 0.98755556 | F5: 0 | G5: 36.43 | H5: https://docs.google.com/spreadsheets/d/1F_eipzztW0pw3Lfr6fDtLliIKaGyQ3at/edit?gid=1469583701#gid=1469583701
A6: Malik | B6: 7 | C6: 91.582 | D6: 100 | E6: =C6/D6 -> 0.91582 | F6: 2 | G6: 59.65 | H6: https://docs.google.com/spreadsheets/d/1F_eipzztW0pw3Lfr6fDtLliIKaGyQ3at/edit?gid=1508604409#gid=1508604409
A7: Yılmaz | B7: 7 | C7: 31.305 | D7: 80 | E7: =C7/D7 -> 0.3913125 | F7: 2 | G7: 20.6 | H7: https://docs.google.com/spreadsheets/d/1F_eipzztW0pw3Lfr6fDtLliIKaGyQ3at/edit?gid=1114084665#gid=1114084665
A8: Furkan | B8: 5 | C8: 65.256 | D8: 80 | E8: =C8/D8 -> 0.8157 | F8: 0 | G8: 82.25 | H8: https://docs.google.com/spreadsheets/d/1F_eipzztW0pw3Lfr6fDtLliIKaGyQ3at/edit?gid=915348345#gid=915348345
C9: =SUM(C2:C7) -> 376.976 | D9: =SUM(D2:D7) -> 507.5 | E9: =C9/D9 -> 0.74280985
E13: Sıra | F13: Kişi | G13: Final Notu
E14: 1 | F14: Farhad | G14: 4.73
E15: 2 | F15: Malik | G15: 3.91
E16: 3 | F16: Murat | G16: 3.71
E17: 4 | F17: Furkan | G17: 3.42
E18: 5 | F18: Emre | G18: 3.3
E19: 6 | F19: İslam | G19: 2.9
E20: 7 | F20: Yılmaz | G20: 2.75

Sheet 23 Ekim-5 Kasım 2025
B1: Kodladığı Madde Sayısı | C1: Toplam Score | D1: Beklenen Score | E1: Kodlananlara göre Kapasite % | F1: Testten Dönen Madde Sayısı | G1: TimeSpent | H1: Madde detayları
A2: İslam | B2: 6 | C2: =8.8+56.12 -> 64.92 | D2: 70 | E2: =C2/D2 -> 0.92742857 | F2: 0 | G2: 63.67 | H2: https://docs.google.com/spreadsheets/d/1T-I82NnMi2iBnFYMHS8d7aIsjKWLHRp5/edit?gid=1678709265#gid=1678709265
A3: MuratSaç | B3: 4 | C3: 45.18 | D3: 52.5 | E3: =C3/D3 -> 0.86057143 | F3: 0 | G3: 43 | H3: https://docs.google.com/spreadsheets/d/1T-I82NnMi2iBnFYMHS8d7aIsjKWLHRp5/edit?gid=1309167043#gid=1309167043
A4: Emre | B4: 9 | C4: 74.072 | D4: 85 | E4: =C4/D4 -> 0.87143529 | F4: 0 | G4: 56.52 | H4: https://docs.google.com/spreadsheets/d/1T-I82NnMi2iBnFYMHS8d7aIsjKWLHRp5/edit?gid=744277439#gid=744277439
A5: Farhad | B5: 6 | C5: 28.76 | D5: 63.75 | E5: =C5/D5 -> 0.45113725 | F5: 0 | G5: 21.92 | H5: https://docs.google.com/spreadsheets/d/1T-I82NnMi2iBnFYMHS8d7aIsjKWLHRp5/edit?gid=1469583701#gid=1469583701
A6: Malik | B6: 8 | C6: 88.46 | D6: 70 | E6: =C6/D6 -> 1.2637143 | F6: 2 | G6: 43.15 | H6: https://docs.google.com/spreadsheets/d/1T-I82NnMi2iBnFYMHS8d7aIsjKWLHRp5/edit?gid=1508604409#gid=1508604409
A7: Yılmaz | B7: 20 | C7: 45.444 | D7: 68 | E7: =C7/D7 -> 0.66829412 | F7: 1 | G7: 12.17 | H7: https://docs.google.com/spreadsheets/d/1T-I82NnMi2iBnFYMHS8d7aIsjKWLHRp5/edit?gid=1114084665#gid=1114084665
A8: Furkan | B8: 8 | C8: 25.2 | D8: 68 | E8: =C8/D8 -> 0.37058824 | F8: l0 | G8: 31 | H8: https://docs.google.com/spreadsheets/d/1T-I82NnMi2iBnFYMHS8d7aIsjKWLHRp5/edit?gid=915348345#gid=915348345
C9: =SUM(C2:C7) -> 346.836 | D9: =SUM(D2:D7) -> 409.25 | E9: =C9/D9 -> 0.84749175
E13: Sıra | F13: Kişi | G13: Final Notu
E14: 1 | F14: Malik | G14: 4.66
E15: 2 | F15: Murat | G15: 4.52
E16: 3 | F16: İslam | G16: 4.24
E17: 4 | F17: Emre | G17: 4
E18: 5 | F18: Yılmaz | G18: 3.93
E19: 6 | F19: Farhad | G19: 3.21
E20: 7 | F20: Furkan | G20: 2.32

Sheet 9-22 Ekim 2025
B1: Kodladığı Madde Sayısı | C1: Toplam Score | D1: Beklenen Score | E1: Kodlananlara göre Kapasite % | F1: Testten Dönen Madde Sayısı | G1: TimeSpent | H1: Madde detayları
A2: İslam | B2: 12 | C2: 49.855 | D2: 100 | E2: =C2/D2 -> 0.49855 | F2: 2 | G2: 21 | H2: https://docs.google.com/spreadsheets/d/1vJiJiEV85B-CbfUtgdohgTQoVTc3wb7V/edit?gid=1678709265#gid=1678709265
A3: MuratSaç | B3: 5 | C3: 60.75 | D3: 75 | E3: =C3/D3 -> 0.81 | F3: 0 | G3: 15 | H3: https://docs.google.com/spreadsheets/d/1vJiJiEV85B-CbfUtgdohgTQoVTc3wb7V/edit?gid=1309167043#gid=1309167043
A4: Emre | B4: 8 | C4: 70.35 | D4: 100 | E4: =C4/D4 -> 0.7035 | F4: 1 | G4: 42.63 | H4: https://docs.google.com/spreadsheets/d/1vJiJiEV85B-CbfUtgdohgTQoVTc3wb7V/edit?gid=744277439#gid=744277439
A5: Farhad | B5: 9 | C5: 116.204 | D5: 75 | E5: =C5/D5 -> 1.5493867 | F5: 0 | G5: 59.35 | H5: https://docs.google.com/spreadsheets/d/1vJiJiEV85B-CbfUtgdohgTQoVTc3wb7V/edit?gid=1469583701#gid=1469583701
A6: Malik | B6: 11 | C6: 123.486 | D6: 100 | E6: =C6/D6 -> 1.23486 | F6: 1 | G6: 59.4 | H6: https://docs.google.com/spreadsheets/d/1vJiJiEV85B-CbfUtgdohgTQoVTc3wb7V/edit?gid=1508604409#gid=1508604409
A7: Yılmaz | B7: 18 | C7: 65.908 | D7: 72 | E7: =C7/D7 -> 0.91538889 | F7: 0 | G7: 6.98 | H7: https://docs.google.com/spreadsheets/d/1vJiJiEV85B-CbfUtgdohgTQoVTc3wb7V/edit?gid=1114084665#gid=1114084665
A8: Furkan | B8: 7 | C8: 35.902 | D8: 80 | E8: =C8/D8 -> 0.448775 | F8: 0 | G8: 12 | H8: https://docs.google.com/spreadsheets/d/1vJiJiEV85B-CbfUtgdohgTQoVTc3wb7V/edit?gid=915348345#gid=915348345
C9: =SUM(C2:C7) -> 486.553 | D9: =SUM(D2:D7) -> 522 | E9: =C9/D9 -> 0.93209387
E13: Sıra | F13: Kişi | G13: Final Notu
E14: 1 | F14: Farhad | G14: 5.34
E15: 2 | F15: Malik | G15: 4.91
E16: 3 | F16: Murat | G16: 4.19
E17: 4 | F17: Yılmaz | G17: 4.18
E18: 5 | F18: Emre | G18: 3.2
E19: 6 | F19: İslam | G19: 2.5
E20: 7 | F20: Furkan | G20: 2.4

Sheet 25 Eylül-8 Ekim 2025
B1: Kodladığı Madde Sayısı | C1: Toplam Score | D1: Beklenen Score | E1: Kodlananlara göre Kapasite % | F1: Testten Dönen Madde Sayısı | G1: TimeSpent | H1: Madde detayları
A2: İslam | B2: 11 | C2: 61.948 | D2: 100 | E2: =C2/D2 -> 0.61948 | F2: 5 | G2: 38.67 | H2: https://docs.google.com/spreadsheets/d/1w75aJJM77z1o6xGPLMxxBhAw2GrOtuab/edit?gid=1678709265#gid=1678709265
A3: MuratSaç | B3: 5 | C3: 34.83 | D3: 75 | E3: =C3/D3 -> 0.4644 | F3: 1 | G3: 29 | H3: https://docs.google.com/spreadsheets/d/1w75aJJM77z1o6xGPLMxxBhAw2GrOtuab/edit?gid=1309167043#gid=1309167043
A4: Emre | B4: 9 | C4: 93.29 | D4: 100 | E4: =C4/D4 -> 0.9329 | F4: 0 | G4: 68.23 | H4: https://docs.google.com/spreadsheets/d/1w75aJJM77z1o6xGPLMxxBhAw2GrOtuab/edit?gid=744277439#gid=744277439
A5: Farhad | B5: 8 | C5: 57.362 | D5: 75 | E5: =C5/D5 -> 0.76482667 | F5: 0 | G5: 29.75 | H5: https://docs.google.com/spreadsheets/d/1w75aJJM77z1o6xGPLMxxBhAw2GrOtuab/edit?gid=1469583701#gid=1469583701
A6: Malik | B6: 11 | C6: 123.486 | D6: 100 | E6: =C6/D6 -> 1.23486 | F6: 0 | G6: 64.57 | H6: https://docs.google.com/spreadsheets/d/1w75aJJM77z1o6xGPLMxxBhAw2GrOtuab/edit?gid=1508604409#gid=1508604409
A7: Yılmaz | B7: 16 | C7: 47.55 | D7: 72 | E7: =C7/D7 -> 0.66041667 | F7: 0 | G7: 10.98 | H7: https://docs.google.com/spreadsheets/d/1w75aJJM77z1o6xGPLMxxBhAw2GrOtuab/edit?gid=1114084665#gid=1114084665
A8: Furkan | B8: 3 | C8: 15.388 | D8: 80 | E8: =C8/D8 -> 0.19235 | F8: 1 | G8: 30 | H8: https://docs.google.com/spreadsheets/d/1w75aJJM77z1o6xGPLMxxBhAw2GrOtuab/edit?gid=915348345#gid=915348345
C9: =SUM(C2:C7) -> 418.466 | D9: =SUM(D2:D7) -> 522 | E9: =C9/D9 -> 0.801659
E13: Sıra | F13: Kişi | G13: Final Notu
E14: 1 | F14: Malik | G14: 5.12
E15: 2 | F15: Emre | G15: 4.14
E16: 3 | F16: Farhad | G16: 4.05
E17: 4 | F17: Yılmaz | G17: 3.73
E18: 5 | F18: Murat | G18: 3.07
E19: 6 | F19: İslam | G19: 2.43
E20: 7 | F20: Furkan | G20: 1.5

Sheet 11-24 Eylül 2025 (Sprint 218)
B1: Kodladığı Madde Sayısı | C1: Toplam Score | D1: Beklenen Score | E1: Kodlananlara göre Kapasite % | F1: Testten Dönen Madde Sayısı | G1: TimeSpent | H1: Madde detayları
A2: İslam | B2: 11 | C2: 68.904 | D2: 95 | E2: =C2/D2 -> 0.72530526 | F2: 4 | G2: 59.33 | H2: https://docs.google.com/spreadsheets/d/1d_nZOi7LEymg_BAUIZRiU9BKTrvDPHJ1/edit?gid=1678709265#gid=1678709265
A3: MuratSaç | B3: 10 | C3: 63.576 | D3: 75 | E3: =C3/D3 -> 0.84768 | F3: 3 | G3: 61 | H3: https://docs.google.com/spreadsheets/d/1d_nZOi7LEymg_BAUIZRiU9BKTrvDPHJ1/edit?gid=1309167043#gid=1309167043
A4: Emre | B4: 10 | C4: 75.32 | D4: 90 | E4: =C4/D4 -> 0.83688889 | F4: 2 | G4: 58.67 | H4: https://docs.google.com/spreadsheets/d/1d_nZOi7LEymg_BAUIZRiU9BKTrvDPHJ1/edit?gid=744277439#gid=744277439
A5: Farhad | B5: 3 | C5: 68.112 | D5: 75 | E5: =C5/D5 -> 0.90816 | F5: 0 | G5: 85.05 | H5: https://docs.google.com/spreadsheets/d/1d_nZOi7LEymg_BAUIZRiU9BKTrvDPHJ1/edit?gid=1469583701#gid=1469583701
A6: Malik | B6: 13 | C6: 141.545 | D6: 100 | E6: =C6/D6 -> 1.41545 | F6: 2 | G6: 71.5 | H6: https://docs.google.com/spreadsheets/d/1d_nZOi7LEymg_BAUIZRiU9BKTrvDPHJ1/edit?gid=1508604409#gid=1508604409
A7: Yılmaz | B7: 8 | C7: 75.9 | D7: 80 | E7: =C7/D7 -> 0.94875 | F7: 2 | G7: 40.03 | H7: https://docs.google.com/spreadsheets/d/1d_nZOi7LEymg_BAUIZRiU9BKTrvDPHJ1/edit?gid=1114084665#gid=1114084665
A8: Furkan | B8: 10 | C8: 47.45 | D8: 80 | E8: =C8/D8 -> 0.593125 | F8: 1 | G8: 58 | H8: https://docs.google.com/spreadsheets/d/1d_nZOi7LEymg_BAUIZRiU9BKTrvDPHJ1/edit?gid=915348345#gid=915348345
C9: =SUM(C2:C7) -> 493.357 | D9: =SUM(D2:D7) -> 515 | E9: =C9/D9 -> 0.95797476
E13: Sıra | F13: Kişi | G13: Final Notu
E14: 1 | F14: Farhad | G14: 4.58
E15: 2 | F15: Malik | G15: 4.46
E16: 3 | F16: Yılmaz | G16: 4.03
E17: 4 | F17: Murat | G17: 3.69
E18: 5 | F18: Emre | G18: 3.43
E19: 6 | F19: Furkan | G19: 2.58
E20: 7 | F20: İslam | G20: 2.51

Sheet 21 Ağustos -10 Eylül 2025 (Spri
B1: Kodladığı Madde Sayısı | C1: Toplam Score | D1: Beklenen Score | E1: Kodlananlara göre Kapasite % | F1: Testten Dönen Madde Sayısı | G1: TimeSpent | H1: Madde detayları
A2: İslam | B2: 6 | C2: 77.17 | D2: 100 | E2: =C2/D2 -> 0.7717 | F2: 1 | G2: 67.5 | H2: https://docs.google.com/spreadsheets/d/1s7dkmVr2MuW1pPD9k_hXtVtU69wr_KKx/edit?gid=1678709265#gid=1678709265
A3: MuratSaç | B3: 3 | C3: 13.45 | D3: 37.5 | E3: =C3/D3 -> 0.35866667 | F3: 1 | G3: 6 | H3: https://docs.google.com/spreadsheets/d/1s7dkmVr2MuW1pPD9k_hXtVtU69wr_KKx/edit?gid=1309167043#gid=1309167043
A4: Emre | B4: 11 | C4: 79.425 | D4: 90 | E4: =C4/D4 -> 0.8825 | F4: 0 | G4: 58.52 | H4: https://docs.google.com/spreadsheets/d/1s7dkmVr2MuW1pPD9k_hXtVtU69wr_KKx/edit?gid=744277439#gid=744277439
A5: Farhad | B5: 8 | C5: 41.55 | D5: 37.5 | E5: =C5/D5 -> 1.108 | F5: 1 | G5: 32.98 | H5: https://docs.google.com/spreadsheets/d/1s7dkmVr2MuW1pPD9k_hXtVtU69wr_KKx/edit?gid=1469583701#gid=1469583701
A6: Malik | B6: 1 | C6: 18.72 | D6: 60 | E6: =C6/D6 -> 0.312 | F6: 0 | G6: 28.52 | H6: https://docs.google.com/spreadsheets/d/1s7dkmVr2MuW1pPD9k_hXtVtU69wr_KKx/edit?gid=1508604409#gid=1508604409
A7: Yılmaz | B7: 10 | C7: 27.916 | D7: 56 | E7: =C7/D7 -> 0.4985 | F7: 3 | G7: 17.45 | H7: https://docs.google.com/spreadsheets/d/1s7dkmVr2MuW1pPD9k_hXtVtU69wr_KKx/edit?gid=1114084665#gid=1114084665
A8: Furkan | B8: 9 | C8: 25.9 | D8: 80 | E8: =C8/D8 -> 0.32375 | F8: 3 | G8: 52 | H8: https://docs.google.com/spreadsheets/d/1s7dkmVr2MuW1pPD9k_hXtVtU69wr_KKx/edit?gid=915348345#gid=915348345
C9: =SUM(C2:C7) -> 258.231 | D9: =SUM(D2:D7) -> 381 | E9: =C9/D9 -> 0.67777165
E13: Sıra | F13: Kişi | G13: Final Notu
E14: 1 | F14: Farhad | G14: 4.54
E15: 2 | F15: Emre | G15: 4.15
E16: 3 | F16: İslam | G16: 3.31
E17: 4 | F17: Yılmaz | G17: 2.59
E18: 5 | F18: Malik | G18: 2.27
E19: 6 | F19: Murat | G19: 1.84
E20: 7 | F20: Furkan | G20: 1.42

Sheet 7 -20 Ağustos 2025 (Sprint 216)
B1: Kodladığı Madde Sayısı | C1: Toplam Score | D1: Beklenen Score | E1: Kodlananlara göre Kapasite % | F1: Testten Dönen Madde Sayısı | G1: TimeSpent | H1: Madde detayları
A2: İslam | B2: 10 | C2: 75.868 | D2: 100 | E2: =C2/D2 -> 0.75868 | F2: 0 | G2: 55.25 | H2: https://docs.google.com/spreadsheets/d/1cx6oFyBny32NwpstNwKa0JygDbe6fSSs/edit?gid=1678709265#gid=1678709265
A3: MuratSaç | B3: 1 | C3: 22.08 | D3: 37.5 | E3: =C3/D3 -> 0.5888 | F3: 0 | G3: 24 | H3: https://docs.google.com/spreadsheets/d/1cx6oFyBny32NwpstNwKa0JygDbe6fSSs/edit?gid=1309167043#gid=1309167043
A4: Emre | B4: 8 | C4: 67.54 | D4: 80 | E4: =C4/D4 -> 0.84425 | F4: 0 | G4: 57.25 | H4: https://docs.google.com/spreadsheets/d/1cx6oFyBny32NwpstNwKa0JygDbe6fSSs/edit?gid=744277439#gid=744277439
A5: Farhad | B5: 6 | C5: 26.308 | D5: 52.5 | E5: =C5/D5 -> 0.50110476 | F5: 0 | G5: 25.62 | H5: https://docs.google.com/spreadsheets/d/1cx6oFyBny32NwpstNwKa0JygDbe6fSSs/edit?gid=1469583701#gid=1469583701
A6: Malik | B6: 11 | C6: 111.206 | D6: 100 | E6: =C6/D6 -> 1.11206 | F6: 0 | G6: 53.23 | H6: https://docs.google.com/spreadsheets/d/1cx6oFyBny32NwpstNwKa0JygDbe6fSSs/edit?gid=1508604409#gid=1508604409
A7: Yılmaz | B7: 13 | C7: 41.2 | D7: 80 | E7: =C7/D7 -> 0.515 | F7: 2 | G7: 27.15 | H7: https://docs.google.com/spreadsheets/d/1cx6oFyBny32NwpstNwKa0JygDbe6fSSs/edit?gid=1114084665#gid=1114084665
A8: Furkan | B8: 4 | C8: 15.64 | E8: =C8/D8 -> #DIV/0! | F8: 0 | G8: 52 | H8: https://docs.google.com/spreadsheets/d/1cx6oFyBny32NwpstNwKa0JygDbe6fSSs/edit?gid=915348345#gid=915348345
C9: =SUM(C2:C7) -> 344.202 | D9: =SUM(D2:D7) -> 450 | E9: =C9/D9 -> 0.76489333
E11: Sıra | F11: Kişi | G11: Final Notu
E12: 1 | F12: Malik | G12: 4.87
E13: 2 | F13: Emre | G13: 3.79
E14: 3 | F14: Murat | G14: 3.73
E15: 4 | F15: İslam | G15: 3.65
E16: 5 | F16: Farhad | G16: 3.38
E17: 6 | F17: Yılmaz | G17: 3.03

Sheet 24 Temmuz - 6 Ağustos 2025 (Spr
B1: Kodladığı Madde Sayısı | C1: Toplam Score | D1: Beklenen Score | E1: Kodlananlara göre Kapasite % | F1: Testten Dönen Madde Sayısı | G1: TimeSpent | H1: Madde detayları
A2: İslam | B2: 16 | C2: 66.81 | D2: 100 | E2: =C2/D2 -> 0.6681 | F2: 4 | G2: 67.5 | H2: https://docs.google.com/spreadsheets/d/1qpjWiBoAiMQs7NGsi1oadr8NUx4qmO6Q/edit?gid=1678709265#gid=1678709265
A3: MuratSaç | B3: 8 | C3: =41.076+34.56 -> 75.636 | D3: 75 | E3: =C3/D3 -> 1.00848 | F3: 1 | G3: 73 | H3: https://docs.google.com/spreadsheets/d/1qpjWiBoAiMQs7NGsi1oadr8NUx4qmO6Q/edit?gid=1309167043#gid=1309167043
A4: Emre | B4: 13 | C4: 83.625 | D4: 100 | E4: =C4/D4 -> 0.83625 | F4: 2 | G4: 63.08 | H4: https://docs.google.com/spreadsheets/d/1qpjWiBoAiMQs7NGsi1oadr8NUx4qmO6Q/edit?gid=744277439#gid=744277439
A5: Farhad | B5: 9 | C5: 33.574 | D5: 75 | E5: =C5/D5 -> 0.44765333 | F5: 0 | G5: 12.98 | H5: https://docs.google.com/spreadsheets/d/1qpjWiBoAiMQs7NGsi1oadr8NUx4qmO6Q/edit?gid=1469583701#gid=1469583701
A6: Malik | B6: 9 | C6: 94.18 | D6: 100 | E6: =C6/D6 -> 0.9418 | F6: 1 | G6: 49.52 | H6: https://docs.google.com/spreadsheets/d/1qpjWiBoAiMQs7NGsi1oadr8NUx4qmO6Q/edit?gid=1508604409#gid=1508604409
A7: Yılmaz | B7: 7 | C7: 67.462 | D7: 64 | E7: =C7/D7 -> 1.0540938 | F7: 0 | G7: 42.23 | H7: https://docs.google.com/spreadsheets/d/1qpjWiBoAiMQs7NGsi1oadr8NUx4qmO6Q/edit?gid=1114084665#gid=1114084665
C8: =SUM(C2:C7) -> 421.287 | D8: =SUM(D2:D7) -> 514 | E8: =C8/D8 -> 0.81962451
E10: Sıra | F10: Kişi | G10: Final Notu
E11: 1 | F11: Yılmaz | G11: 5.08
E12: 2 | F12: Murat | G12: 4.8
E13: 3 | F13: Malik | G13: 3.85
E14: 4 | F14: Emre | G14: 3.55
E15: 5 | F15: Farhad | G15: 3.5
E16: 6 | F16: İslam | G16: 2.84

Sheet 10 -23 Temmuz 2025 (Sprint 214)
B1: Kodladığı Madde Sayısı | C1: Toplam Score | D1: Beklenen Score | E1: Kodlananlara göre Kapasite % | F1: Testten Dönen Madde Sayısı | G1: TimeSpent | H1: Madde detayları
A2: İslam | B2: 15 | C2: 57.14 | D2: 90 | E2: =C2/D2 -> 0.63488889 | F2: 1 | G2: 43.5 | H2: https://docs.google.com/spreadsheets/d/1C38XqOnSu_d5jDuOB6pz-yUuIFuQM453sW2oDseXWWs/edit?gid=1795121416#gid=1795121416
A3: MuratSaç | B3: 4 | C3: 68.808 | D3: 67.5 | E3: =C3/D3 -> 1.0193778 | F3: 1 | G3: 43 | H3: https://docs.google.com/spreadsheets/d/1C38XqOnSu_d5jDuOB6pz-yUuIFuQM453sW2oDseXWWs/edit?gid=639565466#gid=639565466
A4: Emre | B4: 10 | C4: 54.7 | D4: 70 | E4: =C4/D4 -> 0.78142857 | F4: 0 | G4: 45.62 | H4: https://docs.google.com/spreadsheets/d/1C38XqOnSu_d5jDuOB6pz-yUuIFuQM453sW2oDseXWWs/edit?gid=98133673#gid=98133673
A5: Farhad | B5: 16 | C5: 82.238 | D5: 67.5 | E5: =C5/D5 -> 1.2183407 | F5: 1 | G5: 34.25 | H5: https://docs.google.com/spreadsheets/d/1C38XqOnSu_d5jDuOB6pz-yUuIFuQM453sW2oDseXWWs/edit?gid=1272994502#gid=1272994502
A6: Malik | B6: 8 | C6: 112.69 | D6: 90 | E6: =C6/D6 -> 1.2521111 | F6: 1 | G6: 87.68 | H6: https://docs.google.com/spreadsheets/d/1C38XqOnSu_d5jDuOB6pz-yUuIFuQM453sW2oDseXWWs/edit?gid=1355829565#gid=1355829565
A7: Yılmaz | B7: 9 | C7: 97.71 | D7: 72 | E7: =C7/D7 -> 1.3570833 | F7: 1 | G7: 63.3 | H7: https://docs.google.com/spreadsheets/d/1C38XqOnSu_d5jDuOB6pz-yUuIFuQM453sW2oDseXWWs/edit?gid=1503107642#gid=1503107642
C8: =SUM(C2:C7) -> 473.286 | D8: =SUM(D2:D7) -> 457 | E8: =C8/D8 -> 1.0356368
E10: Sıra | F10: Kişi | G10: Final Notu
E11: 1 | F11: Yılmaz | G11: 5.27
E12: 2 | F12: Farhad | G12: 4.99
E13: 3 | F13: Malik | G13: 4.57
E14: 4 | F14: Murat | G14: 4.34
E15: 5 | F15: Emre | G15: 3.57
E16: 6 | F16: İslam | G16: 2.97

Sheet 26 Haziran-9 Temmuz 2025 (Sprin
B1: Kodladığı Madde Sayısı | C1: Toplam Score | D1: Beklenen Score | E1: Kodlananlara göre Kapasite % | F1: Testten Dönen Madde Sayısı | G1: TimeSpent | H1: Madde detayları
A2: İslam | B2: 7 | C2: 65.695 | D2: 100 | E2: =C2/D2 -> 0.65695 | F2: 2 | G2: 72 | H2: https://docs.google.com/spreadsheets/d/1-G2V8D1vOWjtkfMOSa8V6U5LpInuVGtbbmtU9LsGiZk/edit?gid=1795121416#gid=1795121416
A3: MuratSaç | B3: 4 | C3: 68.98 | D3: 75 | E3: =C3/D3 -> 0.91973333 | F3: 1 | G3: 62 | H3: https://docs.google.com/spreadsheets/d/1-G2V8D1vOWjtkfMOSa8V6U5LpInuVGtbbmtU9LsGiZk/edit?gid=639565466#gid=639565466
A4: Emre | B4: 6 | C4: 39.531 | D4: 70 | E4: =C4/D4 -> 0.56472857 | F4: 1 | G4: 38.65 | H4: https://docs.google.com/spreadsheets/d/1-G2V8D1vOWjtkfMOSa8V6U5LpInuVGtbbmtU9LsGiZk/edit?gid=98133673#gid=98133673
A5: Farhad | B5: 12 | C5: 80.792 | D5: 75 | E5: =C5/D5 -> 1.0772267 | F5: 1 | G5: 66.15 | H5: https://docs.google.com/spreadsheets/d/1-G2V8D1vOWjtkfMOSa8V6U5LpInuVGtbbmtU9LsGiZk/edit?gid=1272994502#gid=1272994502
A6: Ömer | B6: 13 | C6: 45.74 | D6: 100 | E6: =C6/D6 -> 0.4574 | F6: 3 | G6: 44.52 | H6: https://docs.google.com/spreadsheets/d/1-G2V8D1vOWjtkfMOSa8V6U5LpInuVGtbbmtU9LsGiZk/edit?gid=416664440#gid=416664440
A7: Malik | B7: 5 | C7: =42.644+31.68 -> 74.324 | D7: 75 | E7: =C7/D7 -> 0.99098667 | F7: 0 | G7: 52.5 | H7: https://docs.google.com/spreadsheets/d/1-G2V8D1vOWjtkfMOSa8V6U5LpInuVGtbbmtU9LsGiZk/edit?gid=1355829565#gid=1355829565
A8: Yılmaz | B8: 7 | C8: 66.882 | D8: 80 | E8: =C8/D8 -> 0.836025 | F8: 2 | G8: 49.13 | H8: https://docs.google.com/spreadsheets/d/1-G2V8D1vOWjtkfMOSa8V6U5LpInuVGtbbmtU9LsGiZk/edit?gid=1503107642#gid=1503107642
C9: =SUM(C2:C8) -> 441.944 | D9: =SUM(D2:D8) -> 575 | E9: =C9/D9 -> 0.76859826
E11: Sıra | F11: Kişi | G11: Final Notu
E12: 1 | F12: Farhad | G12: 5.05
E13: 2 | F13: Murat | G13: 4.63
E14: 3 | F14: Malik | G14: 4.2
E15: 4 | F15: Yılmaz | G15: 3.77
E16: 5 | F16: İslam | G16: 2.95
E17: 6 | F17: Emre | G17: 2.74
E18: 7 | F18: Ömer | G18: 2.61

Sheet 12-25 Haziran 2025 (Sprint 212)
B1: Kodladığı Madde Sayısı | C1: Toplam Score | D1: Beklenen Score | E1: Kodlananlara göre Kapasite % | F1: Testten Dönen Madde Sayısı | G1: TimeSpent | H1: Madde detayları
A2: İslam | B2: 10 | C2: =67.329+7.26 -> 74.589 | D2: 100 | E2: =C2/D2 -> 0.74589 | F2: 1 | G2: 64.33 | H2: https://docs.google.com/spreadsheets/d/1dQwbNnucla9dv3bTymMWOgwg8Th5vPSga_HhHixrxtA/edit?gid=1795121416#gid=1795121416
A3: MuratSaç | B3: 3 | C3: 70 | D3: 60 | E3: =C3/D3 -> 1.1666667 | F3: 0 | G3: 56 | H3: https://docs.google.com/spreadsheets/d/1dQwbNnucla9dv3bTymMWOgwg8Th5vPSga_HhHixrxtA/edit?gid=639565466#gid=639565466
A4: Emre | B4: 18 | C4: 72.036 | D4: 95 | E4: =C4/D4 -> 0.75827368 | F4: 0 | G4: 51.63 | H4: https://docs.google.com/spreadsheets/d/1dQwbNnucla9dv3bTymMWOgwg8Th5vPSga_HhHixrxtA/edit?gid=98133673#gid=98133673
A5: Farhad | B5: 11 | C5: 64.05 | D5: 75 | E5: =C5/D5 -> 0.854 | F5: 0 | G5: 49.37 | H5: https://docs.google.com/spreadsheets/d/1dQwbNnucla9dv3bTymMWOgwg8Th5vPSga_HhHixrxtA/edit?gid=1272994502#gid=1272994502
A6: Ömer | B6: 10 | C6: 35.08 | D6: 70 | E6: =C6/D6 -> 0.50114286 | F6: 0 | G6: 44.77 | H6: https://docs.google.com/spreadsheets/d/1dQwbNnucla9dv3bTymMWOgwg8Th5vPSga_HhHixrxtA/edit?gid=416664440#gid=416664440
A7: Malik | B7: 6 | C7: 85.716 | D7: 100 | E7: =C7/D7 -> 0.85716 | F7: 0 | G7: 48.8 | H7: https://docs.google.com/spreadsheets/d/1dQwbNnucla9dv3bTymMWOgwg8Th5vPSga_HhHixrxtA/edit?gid=1355829565#gid=1355829565
A8: Yılmaz | B8: 8 | C8: 59.814 | D8: 80 | E8: =C8/D8 -> 0.747675 | F8: 1 | G8: 28.48 | H8: https://docs.google.com/spreadsheets/d/1dQwbNnucla9dv3bTymMWOgwg8Th5vPSga_HhHixrxtA/edit?gid=1503107642#gid=1503107642
C9: =SUM(C2:C8) -> 461.285 | D9: =SUM(D2:D8) -> 580 | E9: =C9/D9 -> 0.79531897
E11: Sıra | F11: Kişi | G11: Final Notu
E12: 1 | F12: Murat | G12: 5.34
E13: 2 | F13: Farhad | G13: 4.34
E14: 3 | F14: Malik | G14: 3.85
E15: 4 | F15: Emre | G15: 3.84
E16: 5 | F16: Yılmaz | G16: 3.77
E17: 6 | F17: İslam | G17: 3.4
E18: 7 | F18: Ömer | G18: 2.92

Sheet 29 Mayıs-11 Haziran 2025 (Sprin
B1: Kodladığı Madde Sayısı | C1: Toplam Score | D1: Beklenen Score | E1: Kodlananlara göre Kapasite % | F1: Testten Dönen Madde Sayısı | G1: TimeSpent | H1: Madde detayları
A2: İslam | B2: 6 | C2: 33.66 | D2: 70 | E2: =C2/D2 -> 0.48085714 | F2: 0 | G2: 37 | H2: https://docs.google.com/spreadsheets/d/1aiPqOxBu0CsQ42-SRw7IG8zNcB3a2xw05AWO5fQXpPA/edit?gid=1795121416#gid=1795121416
A3: MuratSaç | B3: 5 | C3: 28.091 | D3: 45 | E3: =C3/D3 -> 0.62424444 | F3: 0 | G3: 12 | H3: https://docs.google.com/spreadsheets/d/1aiPqOxBu0CsQ42-SRw7IG8zNcB3a2xw05AWO5fQXpPA/edit?gid=639565466#gid=639565466
A4: Emre | B4: 9 | C4: 59.896 | D4: 70 | E4: =C4/D4 -> 0.85565714 | F4: 1 | G4: 39.23 | H4: https://docs.google.com/spreadsheets/d/1aiPqOxBu0CsQ42-SRw7IG8zNcB3a2xw05AWO5fQXpPA/edit?gid=98133673#gid=98133673
A5: Farhad | D5: 0 | E5: =C5/D5 -> #DIV/0! | F5: 0 | H5: https://docs.google.com/spreadsheets/d/1aiPqOxBu0CsQ42-SRw7IG8zNcB3a2xw05AWO5fQXpPA/edit?gid=1272994502#gid=1272994502
A6: Ömer | B6: 13 | C6: 31.75 | D6: 70 | E6: =C6/D6 -> 0.45357143 | F6: 1 | G6: 36.8 | H6: https://docs.google.com/spreadsheets/d/1aiPqOxBu0CsQ42-SRw7IG8zNcB3a2xw05AWO5fQXpPA/edit?gid=416664440#gid=416664440
A7: Malik | B7: 5 | C7: 56.706 | D7: 70 | E7: =C7/D7 -> 0.81008571 | F7: 1 | G7: 44.03 | H7: https://docs.google.com/spreadsheets/d/1aiPqOxBu0CsQ42-SRw7IG8zNcB3a2xw05AWO5fQXpPA/edit?gid=1355829565#gid=1355829565
A8: Yılmaz | B8: 4 | C8: 25.735 | D8: 56 | E8: =C8/D8 -> 0.45955357 | F8: 0 | G8: 17.3 | H8: https://docs.google.com/spreadsheets/d/1aiPqOxBu0CsQ42-SRw7IG8zNcB3a2xw05AWO5fQXpPA/edit?gid=1503107642#gid=1503107642
C9: =SUM(C2:C8) -> 235.838 | D9: =SUM(D2:D8) -> 381 | E9: =C9/D9 -> 0.61899738
E11: Sıra | F11: Kişi | G11: Final Notu
E12: 1 | F12: Emre | G12: 3.74
E13: 2 | F13: Murat | G13: 3.54
E14: 3 | F14: Malik | G14: 3.17
E15: 4 | F15: Yılmaz | G15: 2.78
E16: 5 | F16: İslam | G16: 2.69
E17: 6 | F17: Ömer | G17: 2.42
E18: 7 | F18: farhad | G18: izin

Sheet 15- 28 MAYIS 2025 (Sprint 210)
B1: Kodladığı Madde Sayısı | C1: Toplam Score | D1: Beklenen Score | E1: Kodlananlara göre Kapasite % | F1: Testten Dönen Madde Sayısı | G1: TimeSpent | H1: Madde detayları
A2: İslam | B2: 7 | C2: 103.26 | D2: 90 | E2: =C2/D2 -> 1.1473333 | F2: 3 | G2: 59 | H2: https://docs.google.com/spreadsheets/d/1YYIy-uP7N0LLhVWEj4AZuX8M-MeGycBA_OrQ2fLCZAk/edit?gid=1795121416#gid=1795121416
A3: MuratSaç | B3: 5 | C3: 81 | D3: 67.5 | E3: =C3/D3 -> 1.2 | F3: 0 | G3: 64 | H3: https://docs.google.com/spreadsheets/d/1YYIy-uP7N0LLhVWEj4AZuX8M-MeGycBA_OrQ2fLCZAk/edit?gid=639565466#gid=639565466
A4: Emre | B4: 12 | C4: 69 | D4: 90 | E4: =C4/D4 -> 0.76666667 | F4: 1 | G4: 60.42 | H4: https://docs.google.com/spreadsheets/d/1YYIy-uP7N0LLhVWEj4AZuX8M-MeGycBA_OrQ2fLCZAk/edit?gid=98133673#gid=98133673
A5: Farhad | B5: 9 | C5: 49.106 | D5: 52.5 | E5: =C5/D5 -> 0.93535238 | F5: 0 | G5: 61.18 | H5: https://docs.google.com/spreadsheets/d/1YYIy-uP7N0LLhVWEj4AZuX8M-MeGycBA_OrQ2fLCZAk/edit?gid=1272994502#gid=1272994502
A6: Ömer | B6: 8 | C6: 59.45 | D6: 90 | E6: =C6/D6 -> 0.66055556 | F6: 3 | G6: 64.08 | H6: https://docs.google.com/spreadsheets/d/1YYIy-uP7N0LLhVWEj4AZuX8M-MeGycBA_OrQ2fLCZAk/edit?gid=416664440#gid=416664440
A7: Malik | B7: 7 | C7: 98.65 | D7: 90 | E7: =C7/D7 -> 1.0961111 | F7: 0 | G7: 60.2 | H7: https://docs.google.com/spreadsheets/d/1YYIy-uP7N0LLhVWEj4AZuX8M-MeGycBA_OrQ2fLCZAk/edit?gid=1355829565#gid=1355829565
A8: Yılmaz | B8: 6 | C8: 36.28 | D8: 72 | E8: =C8/D8 -> 0.50388889 | F8: 0 | G8: 33.63 | H8: https://docs.google.com/spreadsheets/d/1YYIy-uP7N0LLhVWEj4AZuX8M-MeGycBA_OrQ2fLCZAk/edit?gid=1503107642#gid=1503107642
C9: =SUM(C2:C8) -> 496.746 | D9: =SUM(D2:D8) -> 552 | E9: =C9/D9 -> 0.89990217
E11: Sıra | F11: Kişi | G11: Final Notu
E12: 1 | F12: Murat | G12: 5.4
E13: 2 | F13: Malik | G13: 4.79
E14: 3 | F14: Farhad | G14: 4.66
E15: 4 | F15: İslam | G15: 4.24
E16: 5 | F16: Emre | G16: 3.74
E17: 6 | F17: Yılmaz | G17: 3.31
E18: 7 | F18: Ömer | G18: 3.23

Sheet 1- 14 MAYIS 2025 (Sprint 209)
B1: Kodladığı Madde Sayısı | C1: Toplam Score | D1: Beklenen Score | E1: Kodlananlara göre Kapasite % | F1: Testten Dönen Madde Sayısı | G1: TimeSpent | H1: Madde detayları
A2: İslam | B2: 8 | C2: 41.28 | D2: 90 | E2: =C2/D2 -> 0.45866667 | F2: 3 | G2: 38.63 | H2: https://docs.google.com/spreadsheets/d/1et1NBtz8acYi1VNiIJ82CaSXU6GV15RzC0W59a8juH8/edit?gid=1795121416#gid=1795121416
A3: MuratSaç | B3: 5 | C3: 60.38 | D3: 67.5 | E3: =C3/D3 -> 0.89451852 | F3: 1 | G3: 41 | H3: https://docs.google.com/spreadsheets/d/1et1NBtz8acYi1VNiIJ82CaSXU6GV15RzC0W59a8juH8/edit?gid=639565466#gid=639565466
A4: Emre | B4: 12 | C4: 75.086 | D4: 90 | E4: =C4/D4 -> 0.83428889 | F4: 0 | G4: 54.67 | H4: https://docs.google.com/spreadsheets/d/1et1NBtz8acYi1VNiIJ82CaSXU6GV15RzC0W59a8juH8/edit?gid=98133673#gid=98133673
A5: Farhad | B5: 12 | C5: 54.5 | D5: 67.5 | E5: =C5/D5 -> 0.80740741 | F5: 0 | G5: 36.8 | H5: https://docs.google.com/spreadsheets/d/1et1NBtz8acYi1VNiIJ82CaSXU6GV15RzC0W59a8juH8/edit?gid=1272994502#gid=1272994502
A6: Ömer | B6: 7 | C6: 58.613 | D6: 80 | E6: =C6/D6 -> 0.7326625 | F6: 2 | G6: 59.35 | H6: https://docs.google.com/spreadsheets/d/1et1NBtz8acYi1VNiIJ82CaSXU6GV15RzC0W59a8juH8/edit?gid=416664440#gid=416664440
A7: Malik | B7: 9 | C7: 124.14 | D7: 90 | E7: =C7/D7 -> 1.3793333 | F7: 1 | G7: 75.78 | H7: https://docs.google.com/spreadsheets/d/1et1NBtz8acYi1VNiIJ82CaSXU6GV15RzC0W59a8juH8/edit?gid=1355829565#gid=1355829565
A8: Yılmaz | B8: 6 | C8: 63.625 | D8: 72 | E8: =C8/D8 -> 0.88368056 | F8: 0 | G8: 29.6 | H8: https://docs.google.com/spreadsheets/d/1et1NBtz8acYi1VNiIJ82CaSXU6GV15RzC0W59a8juH8/edit?gid=1503107642#gid=1503107642
C9: =SUM(C2:C8) -> 477.624 | D9: =SUM(D2:D8) -> 557 | E9: =C9/D9 -> 0.85749372
E11: Sıra | F11: Kişi | G11: Final Notu
E12: 1 | F12: Malik | G12: 4.97
E13: 2 | F13: Yılmaz | G13: 4.42
E14: 3 | F14: Farhad | G14: 4.24
E15: 4 | F15: Murat | G15: 4.21
E16: 5 | F16: Emre | G16: 3.88
E17: 6 | F17: Ömer | G17: 3.14
E18: 7 | F18: İslam | G18: 2.19

Sheet 17- 30 NİSAN 2025 (Sprint 208)
B1: Kodladığı Madde Sayısı | C1: Toplam Score | D1: Beklenen Score | E1: Kodlananlara göre Kapasite % | F1: Testten Dönen Madde Sayısı | G1: TimeSpent | H1: Madde detayları
A2: İslam | B2: 9 | C2: 70.105 | D2: 90 | E2: =C2/D2 -> 0.77894444 | F2: 2 | G2: 82.5 | H2: https://docs.google.com/spreadsheets/d/1PahGc-yfZqOkGbjjc4JE-3vt1aRoH-7T7by69N31YfM/edit?gid=1795121416#gid=1795121416
A3: MuratSaç | B3: 6 | C3: 64.808 | D3: 67.5 | E3: =C3/D3 -> 0.96011852 | F3: 0 | G3: 57.5 | H3: https://docs.google.com/spreadsheets/d/1PahGc-yfZqOkGbjjc4JE-3vt1aRoH-7T7by69N31YfM/edit?gid=639565466#gid=639565466
A4: Emre | B4: 14 | C4: 68.47 | D4: 90 | E4: =C4/D4 -> 0.76077778 | F4: 0 | G4: 54.42 | H4: https://docs.google.com/spreadsheets/d/1PahGc-yfZqOkGbjjc4JE-3vt1aRoH-7T7by69N31YfM/edit?gid=98133673#gid=98133673
A5: Farhad | B5: 17 | C5: 91.04 | D5: 67.5 | E5: =C5/D5 -> 1.3487407 | F5: 0 | G5: 67.67 | H5: https://docs.google.com/spreadsheets/d/1PahGc-yfZqOkGbjjc4JE-3vt1aRoH-7T7by69N31YfM/edit?gid=1272994502#gid=1272994502
A6: Ömer | B6: 9 | C6: 68.408 | D6: 90 | E6: =C6/D6 -> 0.76008889 | F6: 4 | G6: 64.68 | H6: https://docs.google.com/spreadsheets/d/1PahGc-yfZqOkGbjjc4JE-3vt1aRoH-7T7by69N31YfM/edit?gid=416664440#gid=416664440
A7: Malik | B7: 4 | C7: 47.18 | D7: 90 | E7: =C7/D7 -> 0.52422222 | F7: 0 | G7: 39.75 | H7: https://docs.google.com/spreadsheets/d/1PahGc-yfZqOkGbjjc4JE-3vt1aRoH-7T7by69N31YfM/edit?gid=1355829565#gid=1355829565
A8: Yılmaz | B8: 4 | C8: 66.078 | D8: 72 | E8: =C8/D8 -> 0.91775 | F8: 0 | G8: 48.52 | H8: https://docs.google.com/spreadsheets/d/1PahGc-yfZqOkGbjjc4JE-3vt1aRoH-7T7by69N31YfM/edit?gid=1503107642#gid=1503107642
C9: =SUM(C2:C8) -> 476.089 | D9: =SUM(D2:D8) -> 567 | E9: =C9/D9 -> 0.83966314
E11: Sıra | F11: Kişi | G11: Final Notu
E12: 1 | F12: Farhad | G12: 5.43
E13: 2 | F13: Murat | G13: 4.8
E14: 3 | F14: Yılmaz | G14: 4.59
E15: 4 | F15: Emre | G15: 3.68
E16: 5 | F16: İslam | G16: 3.38
E17: 6 | F17: Malik | G17: 3.07
E18: 7 | F18: Ömer | G18: 2.97

Sheet 3-16 NİSAN 2025 (Sprint 207) 
B1: Kodladığı Madde Sayısı | C1: Toplam Score | D1: Beklenen Score | E1: Kodlananlara göre Kapasite % | F1: Testten Dönen Madde Sayısı | G1: TimeSpent | H1: Madde detayları
A2: İslam | B2: 6 | C2: 65.481 | D2: 100 | E2: =C2/D2 -> 0.65481 | F2: 2 | G2: 50.25 | H2: https://docs.google.com/spreadsheets/d/1iXXVf7annHin8TwcRX5SW60g7tdZQwxUUlXCp2AJVYc/edit?gid=1795121416#gid=1795121416
A3: MuratSaç | B3: 11 | C3: 44.98 | D3: 67.5 | E3: =C3/D3 -> 0.66637037 | F3: 0 | G3: 31 | H3: https://docs.google.com/spreadsheets/d/1iXXVf7annHin8TwcRX5SW60g7tdZQwxUUlXCp2AJVYc/edit?gid=639565466#gid=639565466
A4: Emre | B4: 8 | C4: =56.325+3.795 -> 60.12 | D4: 65 | E4: =C4/D4 -> 0.92492308 | F4: 0 | G4: 47.55 | H4: https://docs.google.com/spreadsheets/d/1iXXVf7annHin8TwcRX5SW60g7tdZQwxUUlXCp2AJVYc/edit?gid=98133673#gid=98133673
A5: Farhad | B5: 11 | C5: 73.316 | D5: 60 | E5: =C5/D5 -> 1.2219333 | F5: 0 | G5: 54.92 | H5: https://docs.google.com/spreadsheets/d/1iXXVf7annHin8TwcRX5SW60g7tdZQwxUUlXCp2AJVYc/edit?gid=1272994502#gid=1272994502
A6: Ömer | B6: 14 | C6: 93.569 | D6: 100 | E6: =C6/D6 -> 0.93569 | F6: 1 | G6: 77.9 | H6: https://docs.google.com/spreadsheets/d/1iXXVf7annHin8TwcRX5SW60g7tdZQwxUUlXCp2AJVYc/edit?gid=416664440#gid=416664440
A7: Malik | B7: 2 | C7: 144 | D7: 100 | E7: =C7/D7 -> 1.44 | F7: 1 | G7: 86.53 | H7: https://docs.google.com/spreadsheets/d/1iXXVf7annHin8TwcRX5SW60g7tdZQwxUUlXCp2AJVYc/edit?gid=1355829565#gid=1355829565
A8: Yılmaz | B8: 9 | C8: 72.65 | D8: 80 | E8: =C8/D8 -> 0.908125 | F8: 1 | G8: 67.35 | H8: https://docs.google.com/spreadsheets/d/1iXXVf7annHin8TwcRX5SW60g7tdZQwxUUlXCp2AJVYc/edit?gid=1503107642#gid=1503107642
C9: =SUM(C2:C8) -> 554.116 | D9: =SUM(D2:D8) -> 572.5 | E9: =C9/D9 -> 0.96788821
D12: 1 | E12: Farhad | F12: 5.35
D13: 2 | E13: Yılmaz | F13: 4.56
D14: 3 | E14: Malik | F14: 4.43
D15: 4 | E15: Ömer | F15: 4.29
D16: 5 | E16: Emre | F16: 4.11
D17: 6 | E17: Murat | F17: 3.84
D18: 7 | E18: İslam | F18: 2.77

Sheet 20 MART- 2 NİSAN 2025 (Sprint 2
B1: Kodladığı Madde Sayısı | C1: Toplam Score | D1: Beklenen Score | E1: Kodlananlara göre Kapasite % | F1: Testten Dönen Madde Sayısı | G1: TimeSpent | H1: Madde detayları
A2: İslam | B2: 7 | C2: 30.195 | D2: 80 | E2: =C2/D2 -> 0.3774375 | F2: 0 | G2: 29 | H2: https://docs.google.com/spreadsheets/d/1HJgwweh9SP6LA4zxAsEgfd86P3k60TYhiLtBQzQT3DQ/edit?gid=1795121416#gid=1795121416
A3: MuratSaç | B3: 3 | C3: 37.4 | D3: 45 | E3: =C3/D3 -> 0.83111111 | F3: 0 | G3: 16 | H3: https://docs.google.com/spreadsheets/d/1HJgwweh9SP6LA4zxAsEgfd86P3k60TYhiLtBQzQT3DQ/edit?gid=639565466#gid=639565466
A4: Emre | B4: 9 | C4: 46.732 | D4: 70 | E4: =C4/D4 -> 0.6676 | F4: 1 | G4: 52.7 | H4: https://docs.google.com/spreadsheets/d/1HJgwweh9SP6LA4zxAsEgfd86P3k60TYhiLtBQzQT3DQ/edit?gid=98133673#gid=98133673
A5: Farhad | B5: 9 | C5: 30.61 | D5: 52.5 | E5: =C5/D5 -> 0.58304762 | F5: 0 | G5: 8.18 | H5: https://docs.google.com/spreadsheets/d/1HJgwweh9SP6LA4zxAsEgfd86P3k60TYhiLtBQzQT3DQ/edit?gid=1272994502#gid=1272994502
A6: Ömer | B6: 12 | C6: 60.749 | D6: 80 | E6: =C6/D6 -> 0.7593625 | F6: 1 | G6: 53.4 | H6: https://docs.google.com/spreadsheets/d/1HJgwweh9SP6LA4zxAsEgfd86P3k60TYhiLtBQzQT3DQ/edit?gid=416664440#gid=416664440
A7: Malik | B7: 2 | C7: 158.4 | D7: 80 | E7: =C7/D7 -> 1.98 | F7: 0 | G7: 90 | H7: https://docs.google.com/spreadsheets/d/1HJgwweh9SP6LA4zxAsEgfd86P3k60TYhiLtBQzQT3DQ/edit?gid=1355829565#gid=1355829565
A8: Yılmaz | B8: 6 | C8: 60.391 | D8: 64 | E8: =C8/D8 -> 0.94360937 | F8: 0 | G8: 39.88 | H8: https://docs.google.com/spreadsheets/d/1HJgwweh9SP6LA4zxAsEgfd86P3k60TYhiLtBQzQT3DQ/edit?gid=1503107642#gid=1503107642
C9: =SUM(C2:C8) -> 424.477 | D9: =SUM(D2:D8) -> 471.5 | E9: =C9/D9 -> 0.90026935
D12: 1 | E12: Malik | F12: 4.95
D13: 2 | E13: Murat | F13: 4.28
D14: 3 | E14: Yılmaz | F14: 4.05
D15: 4 | E15: Farhad | F15: 3.4
D16: 5 | E16: Ömer | F16: 3.39
D17: 6 | E17: Emre | F17: 3.28
D18: 7 | E18: İslam | F18: 2.69

Sheet 6-19 Mar 2025 (Sprint 205)
B1: Kodladığı Madde Sayısı | C1: Toplam Score | D1: Beklenen Score | E1: Kodlananlara göre Kapasite % | F1: Testten Dönen Madde Sayısı | G1: TimeSpent | H1: Madde detayları
A2: İslam | B2: 9 | C2: 77.221 | D2: 100 | E2: =C2/D2 -> 0.77221 | F2: 3 | G2: 74.17 | H2: https://docs.google.com/spreadsheets/d/17ShdzpC-3Ee8f5pt92bkhQFjCKNwzXVYZulMQc2L3lk/edit?gid=1795121416#gid=1795121416
A3: MuratSaç | B3: 6 | C3: 76.664 | D3: 75 | E3: =C3/D3 -> 1.0221867 | F3: 2 | G3: 81 | H3: https://docs.google.com/spreadsheets/d/17ShdzpC-3Ee8f5pt92bkhQFjCKNwzXVYZulMQc2L3lk/edit?gid=639565466#gid=639565466
A4: Emre | B4: 7 | C4: 72.735 | D4: 95 | E4: =C4/D4 -> 0.76563158 | F4: 2 | G4: 61.63 | H4: https://docs.google.com/spreadsheets/d/17ShdzpC-3Ee8f5pt92bkhQFjCKNwzXVYZulMQc2L3lk/edit?gid=98133673#gid=98133673
A5: Farhad | B5: 13 | C5: 111.917 | D5: 75 | E5: =C5/D5 -> 1.4922267 | F5: 0 | G5: 71.2 | H5: https://docs.google.com/spreadsheets/d/17ShdzpC-3Ee8f5pt92bkhQFjCKNwzXVYZulMQc2L3lk/edit?gid=1272994502#gid=1272994502
A6: Ömer | B6: 26 | C6: =91.544-14 -> 77.544 | D6: 100 | E6: =C6/D6 -> 0.77544 | F6: 4 | G6: 72 | H6: https://docs.google.com/spreadsheets/d/17ShdzpC-3Ee8f5pt92bkhQFjCKNwzXVYZulMQc2L3lk/edit?gid=416664440#gid=416664440
A7: Malik | B7: 3 | C7: 107.4 | D7: 100 | E7: =C7/D7 -> 1.074 | F7: 2 | G7: 109.87 | H7: https://docs.google.com/spreadsheets/d/17ShdzpC-3Ee8f5pt92bkhQFjCKNwzXVYZulMQc2L3lk/edit?gid=1355829565#gid=1355829565
A8: Yılmaz | B8: 3 | C8: 67.66 | D8: 80 | E8: =C8/D8 -> 0.84575 | F8: 0 | G8: =61.03+45.7 -> 106.73 | H8: https://docs.google.com/spreadsheets/d/17ShdzpC-3Ee8f5pt92bkhQFjCKNwzXVYZulMQc2L3lk/edit?gid=1503107642#gid=1503107642
C9: =SUM(C2:C8) -> 591.141 | D9: =SUM(D2:D8) -> 625 | E9: =C9/D9 -> 0.9458256
D12: 1 | E12: Farhad | F12: 5.52
D13: 2 | E13: Yılmaz | F13: 4.38
D14: 3 | E14: Murat | F14: 4.15
D15: 4 | E15: Malik | F15: 3.8
D16: 5 | E16: Ömer | F16: 3.2
D17: 6 | E17: Emre | F17: 2.96
D18: 7 | E18: İslam | F18: 2.83

Sheet 20 Şubat-5 Mart 2025 (Sprint 20
B1: Kodladığı Madde Sayısı | C1: Toplam Score | D1: Beklenen Score | E1: Kodlananlara göre Kapasite % | F1: Testten Dönen Madde Sayısı | G1: TimeSpent | H1: Madde detayları
A2: İslam | B2: 8 | C2: 50.27 | D2: 95 | E2: =C2/D2 -> 0.52915789 | F2: 2 | G2: 32.75 | H2: https://docs.google.com/spreadsheets/d/1_pP-wXKAFkl0IM-PH4zXgnaGWdgp815-xNl5OrSKUCE/edit?gid=1795121416#gid=1795121416
A3: MuratSaç | B3: 5 | C3: 78.88 | D3: 75 | E3: =C3/D3 -> 1.0517333 | F3: 0 | G3: 51.5 | H3: https://docs.google.com/spreadsheets/d/1_pP-wXKAFkl0IM-PH4zXgnaGWdgp815-xNl5OrSKUCE/edit?gid=639565466#gid=639565466
A4: Emre | B4: 14 | C4: 66.005 | D4: 100 | E4: =C4/D4 -> 0.66005 | F4: 0 | G4: 60.07 | H4: https://docs.google.com/spreadsheets/d/1_pP-wXKAFkl0IM-PH4zXgnaGWdgp815-xNl5OrSKUCE/edit?gid=98133673#gid=98133673
A5: Farhad | B5: 15 | C5: 53.816 | D5: 75 | E5: =C5/D5 -> 0.71754667 | F5: 3 | G5: 39.82 | H5: https://docs.google.com/spreadsheets/d/1_pP-wXKAFkl0IM-PH4zXgnaGWdgp815-xNl5OrSKUCE/edit?gid=1272994502#gid=1272994502
A6: Ömer | B6: 10 | C6: 36.06 | D6: 100 | E6: =C6/D6 -> 0.3606 | F6: 3 | G6: 58.38 | H6: https://docs.google.com/spreadsheets/d/1_pP-wXKAFkl0IM-PH4zXgnaGWdgp815-xNl5OrSKUCE/edit?gid=416664440#gid=416664440
A7: Malik | B7: 3 | C7: 130.68 | D7: 100 | E7: =C7/D7 -> 1.3068 | F7: 1 | G7: 99.2 | H7: https://docs.google.com/spreadsheets/d/1_pP-wXKAFkl0IM-PH4zXgnaGWdgp815-xNl5OrSKUCE/edit?gid=1355829565#gid=1355829565
A8: Yılmaz | B8: 16 | C8: 63.75 | D8: 80 | E8: =C8/D8 -> 0.796875 | F8: 0 | G8: 57.52 | H8: https://docs.google.com/spreadsheets/d/1_pP-wXKAFkl0IM-PH4zXgnaGWdgp815-xNl5OrSKUCE/edit?gid=1503107642#gid=1503107642
C9: =SUM(C2:C8) -> 479.461 | D9: =SUM(D2:D8) -> 625 | E9: =C9/D9 -> 0.7671376
D12: Sıra | E12: Kişi | F12: Final Notu
D13: 1 | E13: Murat | F13: 4.98
D14: 2 | E14: Malik | F14: 4.71
D15: 3 | E15: Yılmaz | F15: 4.23
D16: 4 | E16: Farhad | F16: 3.85
D17: 5 | E17: Emre | F17: 3.36
D18: 6 | E18: İslam | F18: 2.46
D19: 7 | E19: Ömer | F19: 1.96

Sheet 6-19 Şubat  2025 (Sprint 203) 
B1: Kodladığı Madde Sayısı | C1: Toplam Score | D1: Beklenen Score | E1: Kodlananlara göre Kapasite % | F1: Testten Dönen Madde Sayısı | G1: TimeSpent | H1: Madde detayları
A2: İslam | B2: 5 | C2: 51.34 | D2: 100 | E2: =C2/D2 -> 0.5134 | F2: 2 | G2: 58.17 | H2: https://docs.google.com/spreadsheets/d/1x_1-Zx1Z_myjHIu5JEnjiz9vILKoqFdwzbiAcaXtCAA/edit?gid=1795121416#gid=1795121416
A3: MuratSaç | B3: 7 | C3: 68.412 | D3: 75 | E3: =C3/D3 -> 0.91216 | F3: 2 | G3: 93 | H3: https://docs.google.com/spreadsheets/d/1x_1-Zx1Z_myjHIu5JEnjiz9vILKoqFdwzbiAcaXtCAA/edit?gid=639565466#gid=639565466
A4: Emre | B4: 11 | C4: 71.13 | D4: 95 | E4: =C4/D4 -> 0.74873684 | F4: 2 | G4: 54.98 | H4: https://docs.google.com/spreadsheets/d/1x_1-Zx1Z_myjHIu5JEnjiz9vILKoqFdwzbiAcaXtCAA/edit?gid=98133673#gid=98133673
A5: Farhad | B5: 10 | C5: 62.714 | D5: 75 | E5: =C5/D5 -> 0.83618667 | F5: 2 | G5: 53.42 | H5: https://docs.google.com/spreadsheets/d/1x_1-Zx1Z_myjHIu5JEnjiz9vILKoqFdwzbiAcaXtCAA/edit?gid=1272994502#gid=1272994502
A6: Ömer | B6: 6 | C6: 60.896 | D6: 100 | E6: =C6/D6 -> 0.60896 | F6: 1 | G6: 68.52 | H6: https://docs.google.com/spreadsheets/d/1x_1-Zx1Z_myjHIu5JEnjiz9vILKoqFdwzbiAcaXtCAA/edit?gid=416664440#gid=416664440
A7: Malik | B7: 9 | C7: 59.788 | D7: 80 | E7: =C7/D7 -> 0.74735 | F7: 2 | G7: 63.93 | H7: https://docs.google.com/spreadsheets/d/1x_1-Zx1Z_myjHIu5JEnjiz9vILKoqFdwzbiAcaXtCAA/edit?gid=1355829565#gid=1355829565
A8: Yılmaz | B8: 12 | C8: 108.022 | D8: 80 | E8: =C8/D8 -> 1.350275 | F8: 1 | G8: 83.22 | H8: https://docs.google.com/spreadsheets/d/1x_1-Zx1Z_myjHIu5JEnjiz9vILKoqFdwzbiAcaXtCAA/edit?gid=1503107642#gid=1503107642
C9: =SUM(C2:C8) -> 482.302 | D9: =SUM(D2:D8) -> 605 | E9: =C9/D9 -> 0.79719339
E11: Sıra | F11: Kişi | G11: Final Notu
E12: 1 | F12: Yılmaz | G12: 5.44
E13: 2 | F13: Farhad | G13: 4.2
E14: 3 | F14: Murat | G14: 3.87
E15: 4 | F15: Emre | G15: 3.28
E16: 5 | F16: Malik | G16: 3.1
E17: 6 | F17: Ömer | G17: 2.98
E18: 7 | F18: İslam | G18: 2.46

Sheet 23 OCAK-5 ŞUBAT 2025
B1: Kodladığı Madde Sayısı | C1: Toplam Score | D1: Beklenen Score | E1: Kodlananlara göre Kapasite % | F1: Testten Dönen Madde Sayısı | G1: TimeSpent | H1: Madde detayları
A2: İslam | B2: 9 | C2: 101.292 | D2: 100 | E2: =C2/D2 -> 1.01292 | F2: 1 | G2: 44 | H2: https://docs.google.com/spreadsheets/d/1Ydwiz0ru6WbW_FZWSaGaDUROzg9elThdGncoYFXX83c/edit?gid=1795121416#gid=1795121416
A3: MuratSaç | B3: 1 | C3: 76.752 | D3: 75 | E3: =C3/D3 -> 1.02336 | F3: 0 | H3: https://docs.google.com/spreadsheets/d/1Ydwiz0ru6WbW_FZWSaGaDUROzg9elThdGncoYFXX83c/edit?gid=639565466#gid=639565466
A4: Emre | B4: 7 | C4: 61.76 | D4: 95 | E4: =C4/D4 -> 0.65010526 | F4: 3 | G4: 50.12 | H4: https://docs.google.com/spreadsheets/d/1Ydwiz0ru6WbW_FZWSaGaDUROzg9elThdGncoYFXX83c/edit?gid=98133673#gid=98133673
A5: Farhad | B5: 16 | C5: 88.715 | D5: 67.5 | E5: =C5/D5 -> 1.3142963 | F5: 0 | G5: 49.12 | H5: https://docs.google.com/spreadsheets/d/1Ydwiz0ru6WbW_FZWSaGaDUROzg9elThdGncoYFXX83c/edit?gid=1272994502#gid=1272994502
A6: Ömer | B6: 14 | C6: 53.695 | D6: 100 | E6: =C6/D6 -> 0.53695 | F6: 2 | G6: 46.47 | H6: https://docs.google.com/spreadsheets/d/1Ydwiz0ru6WbW_FZWSaGaDUROzg9elThdGncoYFXX83c/edit?gid=416664440#gid=416664440
A7: Malik | B7: 3 | C7: 98.9 | D7: 100 | E7: =C7/D7 -> 0.989 | F7: 5 | G7: 68 | H7: https://docs.google.com/spreadsheets/d/1Ydwiz0ru6WbW_FZWSaGaDUROzg9elThdGncoYFXX83c/edit?gid=1355829565#gid=1355829565
A8: Yılmaz | B8: 9 | C8: 76.13 | D8: 80 | E8: =C8/D8 -> 0.951625 | F8: 0 | G8: 55.77 | H8: https://docs.google.com/spreadsheets/d/1Ydwiz0ru6WbW_FZWSaGaDUROzg9elThdGncoYFXX83c/edit?gid=1503107642#gid=1503107642
C9: =SUM(C2:C8) -> 557.244 | D9: =SUM(D2:D8) -> 617.5 | E9: =C9/D9 -> 0.90241943
E11: Sıra | F11: Kişi | G11: Final Notu
E12: 1 | F12: Farhad | G12: 5.19
E13: 2 | F13: Murat | G13: 4.59
E14: 3 | F14: Yılmaz | G14: 4.52
E15: 4 | F15: İslam | G15: 4.11
E16: 5 | F16: Mlik | G16: 3.16
E17: 6 | F17: Ömer | G17: 2.63
E18: 7 | F18: Emre | G18: 2.27

Sheet 9-22 OCAK 2025
B1: Kodladığı Madde Sayısı | C1: Toplam Score | D1: Beklenen Score | E1: Kodlananlara göre Kapasite % | F1: Testten Dönen Madde Sayısı | G1: TimeSpent | H1: Madde detayları
A2: İslam | B2: 3 | C2: 33.956 | D2: 100 | E2: =C2/D2 -> 0.33956 | F2: 0 | G2: 28.5 | H2: https://docs.google.com/spreadsheets/d/1jhqe_3Y74EpYjPLATjzuEV50duVSxums4O82wpLx7qw/edit?gid=1795121416#gid=1795121416
A3: MuratSaç | B3: 2 | C3: 75 | D3: 75 | E3: =C3/D3 -> 1 | F3: 0 | G3: 80 | H3: https://docs.google.com/spreadsheets/d/1jhqe_3Y74EpYjPLATjzuEV50duVSxums4O82wpLx7qw/edit?gid=639565466#gid=639565466
A4: Emre | B4: 3 | C4: 72.336 | D4: 90 | E4: =C4/D4 -> 0.80373333 | F4: 0 | G4: 60.02 | H4: https://docs.google.com/spreadsheets/d/1jhqe_3Y74EpYjPLATjzuEV50duVSxums4O82wpLx7qw/edit?gid=98133673#gid=98133673
A5: Farhad | B5: 4 | C5: 68.4 | D5: 75 | E5: =C5/D5 -> 0.912 | F5: 0 | G5: 51.45 | H5: https://docs.google.com/spreadsheets/d/1jhqe_3Y74EpYjPLATjzuEV50duVSxums4O82wpLx7qw/edit?gid=1272994502#gid=1272994502
A6: Ömer | B6: 14 | C6: 63.21 | D6: 100 | E6: =C6/D6 -> 0.6321 | F6: 2 | G6: 42 | H6: https://docs.google.com/spreadsheets/d/1jhqe_3Y74EpYjPLATjzuEV50duVSxums4O82wpLx7qw/edit?gid=416664440#gid=416664440
A7: Malik | B7: 3 | C7: 82 | D7: 100 | E7: =C7/D7 -> 0.82 | F7: 0 | G7: 69.28 | H7: https://docs.google.com/spreadsheets/d/1jhqe_3Y74EpYjPLATjzuEV50duVSxums4O82wpLx7qw/edit?gid=1355829565#gid=1355829565
A8: Yılmaz | B8: 5 | C8: 98.992 | D8: 80 | E8: =C8/D8 -> 1.2374 | F8: 0 | G8: 69.75 | H8: https://docs.google.com/spreadsheets/d/1jhqe_3Y74EpYjPLATjzuEV50duVSxums4O82wpLx7qw/edit?gid=1503107642#gid=1503107642
C9: =SUM(C2:C8) -> 493.894 | D9: =SUM(D2:D8) -> 620 | E9: =C9/D9 -> 0.79660323
C12: Sıra | D12: Kişi | E12: Final Notu
C13: 1 | D13: Yılmaz | E13: 5.42
C14: 2 | D14: Murat | E14: 4.95
C15: 3 | D15: Farhad | E15: 4.56
C16: 4 | D16: Malik | E16: 3.87
C17: 5 | D17: Emre | E17: 3.82
C18: 6 | D18: Ömer | E18: 2.93
C19: 7 | D19: İslam | E19: 2.41

Sheet 23 Aralık-8 Ocak  2025
B1: Kodladığı Madde Sayısı | C1: Toplam Score | D1: Beklenen Score | E1: Kodlananlara göre Kapasite % | F1: Testten Dönen Madde Sayısı | G1: TimeSpent | H1: Madde detayları
A2: İslam | B2: 3 | C2: 76.912 | D2: 115 | E2: =C2/D2 -> 0.6688 | F2: 2 | G2: 80 | H2: https://docs.google.com/spreadsheets/d/160MznChYTPSjsTUnmDtrYqxDMEZ3Pe9iXdk2-8d4eMM/edit?gid=1795121416#gid=1795121416
A3: MuratSaç | B3: 5 | C3: 89.18 | D3: 86.25 | E3: =C3/D3 -> 1.033971 | F3: 0 | G3: 98 | H3: https://docs.google.com/spreadsheets/d/160MznChYTPSjsTUnmDtrYqxDMEZ3Pe9iXdk2-8d4eMM/edit?gid=639565466#gid=639565466
A4: Emre | B4: 7 | C4: 81.858 | D4: 110 | E4: =C4/D4 -> 0.74416364 | F4: 2 | G4: 56.45 | H4: https://docs.google.com/spreadsheets/d/160MznChYTPSjsTUnmDtrYqxDMEZ3Pe9iXdk2-8d4eMM/edit?gid=98133673#gid=98133673
A5: Farhad | B5: 4 | C5: 72.74 | D5: 86.25 | E5: =C5/D5 -> 0.84336232 | F5: 0 | G5: 90 | H5: https://docs.google.com/spreadsheets/d/160MznChYTPSjsTUnmDtrYqxDMEZ3Pe9iXdk2-8d4eMM/edit?gid=1272994502#gid=1272994502
A6: Ömer | B6: 9 | C6: 54.044 | D6: 115 | E6: =C6/D6 -> 0.46994783 | F6: 5 | G6: 55.43 | H6: https://docs.google.com/spreadsheets/d/160MznChYTPSjsTUnmDtrYqxDMEZ3Pe9iXdk2-8d4eMM/edit?gid=416664440#gid=416664440
A7: Malik | B7: 1 | C7: 83.82 | D7: 115 | E7: =C7/D7 -> 0.72886957 | F7: 1 | G7: 122.62 | H7: https://docs.google.com/spreadsheets/d/160MznChYTPSjsTUnmDtrYqxDMEZ3Pe9iXdk2-8d4eMM/edit?gid=1355829565#gid=1355829565
A8: Yılmaz | B8: 5 | C8: 81.2 | D8: 92 | E8: =C8/D8 -> 0.8826087 | F8: 1 | G8: 91.57 | H8: https://docs.google.com/spreadsheets/d/160MznChYTPSjsTUnmDtrYqxDMEZ3Pe9iXdk2-8d4eMM/edit?gid=1503107642#gid=1503107642
C9: =SUM(C2:C8) -> 539.754 | D9: =SUM(D2:D8) -> 719.5 | E9: =C9/D9 -> 0.75017929
C12: Sıra | D12: Kişi | E12: Final Notu
C13: 1 | D13: Murat | E13: 5.04
C14: 2 | D14: Farhad | E14: 4.46
C15: 3 | D15: Yılmaz | E15: 4.33
C16: 4 | D16: Malik | E16: 3.35
C17: 5 | D17: Emre | E17: 3.25
C18: 6 | D18: İslam | E18: 2.45
C19: 7 | D19: Ömer | E19: 2.11

Sheet 9-22 Aralık  2024
B1: Kodladığı Madde Sayısı | C1: Toplam Score | D1: Beklenen Score | E1: Kodlananlara göre Kapasite % | F1: Testten Dönen Madde Sayısı | G1: TimeSpent | H1: Madde detayları
A2: İslam | B2: 1 | C2: 2.3 | D2: 50 | E2: =C2/D2 -> 0.046 | F2: 1 | G2: 29 | H2: https://docs.google.com/spreadsheets/d/1lIA0nGAQ5ZJQT9-877TLDmWHnAEDnkwi4DOUZQleSZM/edit?gid=1795121416#gid=1795121416
A3: MuratSaç | B3: 3 | C3: 61.54 | D3: 75 | E3: =C3/D3 -> 0.82053333 | F3: 1 | G3: 60 | H3: https://docs.google.com/spreadsheets/d/1lIA0nGAQ5ZJQT9-877TLDmWHnAEDnkwi4DOUZQleSZM/edit?gid=639565466#gid=639565466
A4: Emre | B4: 16 | C4: 74.132 | D4: 100 | E4: =C4/D4 -> 0.74132 | F4: 0 | G4: 54.83 | H4: https://docs.google.com/spreadsheets/d/1lIA0nGAQ5ZJQT9-877TLDmWHnAEDnkwi4DOUZQleSZM/edit?gid=98133673#gid=98133673
A5: Farhad | B5: 5 | C5: 59.1 | D5: 75 | E5: =C5/D5 -> 0.788 | F5: 0 | G5: 46.5 | H5: https://docs.google.com/spreadsheets/d/1lIA0nGAQ5ZJQT9-877TLDmWHnAEDnkwi4DOUZQleSZM/edit?gid=1272994502#gid=1272994502
A6: Ömer | B6: 8 | C6: 40.66 | D6: 100 | E6: =C6/D6 -> 0.4066 | F6: 4 | G6: 60.08 | H6: https://docs.google.com/spreadsheets/d/1lIA0nGAQ5ZJQT9-877TLDmWHnAEDnkwi4DOUZQleSZM/edit?gid=416664440#gid=416664440
A7: Malik | B7: 9 | C7: 93.97 | D7: 100 | E7: =C7/D7 -> 0.9397 | F7: 0 | G7: 59.38 | H7: https://docs.google.com/spreadsheets/d/1lIA0nGAQ5ZJQT9-877TLDmWHnAEDnkwi4DOUZQleSZM/edit?gid=1355829565#gid=1355829565
A8: Yılmaz | B8: 6 | C8: 42 | D8: 80 | E8: =C8/D8 -> 0.525 | F8: 3 | G8: 69.02 | H8: https://docs.google.com/spreadsheets/d/1lIA0nGAQ5ZJQT9-877TLDmWHnAEDnkwi4DOUZQleSZM/edit?gid=1503107642#gid=1503107642
C9: =SUM(C2:C8) -> 373.702 | D9: =SUM(D2:D8) -> 580 | E9: =C9/D9 -> 0.64431379
D12: 1 | E12: Farhad | F12: 4.1
D13: 2 | E13: Murat | F13: 4.08
D14: 3 | E14: Malik | F14: 4.06
D15: 4 | E15: Emre | F15: 3.75
D16: 5 | E16: Yılmaz | F16: 2.98
D17: 6 | E17: Ömer | F17: 1.84
D18: 7 | E18: İslam | F18: 1.43

Sheet 25 Kasım-8 Aralık  2024
B1: Kodladığı Madde Sayısı | C1: Toplam Score | D1: Beklenen Score | E1: Kodlananlara göre Kapasite % | F1: Testten Dönen Madde Sayısı | G1: TimeSpent | H1: Madde detayları
A2: İslam | B2: 7 | C2: 45.122 | D2: 90 | E2: =C2/D2 -> 0.50135556 | F2: 2 | G2: 47 | H2: https://docs.google.com/spreadsheets/d/1X0GiNAyJXSDuyK-NkH57rilQ-D0eyncF-1kUpOXKrYE/edit?gid=1795121416#gid=1795121416
A3: MuratSaç | B3: 6 | C3: 66.348 | D3: 75 | E3: =C3/D3 -> 0.88464 | F3: 0 | G3: 81.5 | H3: https://docs.google.com/spreadsheets/d/1X0GiNAyJXSDuyK-NkH57rilQ-D0eyncF-1kUpOXKrYE/edit?gid=639565466#gid=639565466
A4: Emre | B4: 15 | C4: 77.18 | D4: 100 | E4: =C4/D4 -> 0.7718 | F4: 2 | G4: 64.75 | H4: https://docs.google.com/spreadsheets/d/1X0GiNAyJXSDuyK-NkH57rilQ-D0eyncF-1kUpOXKrYE/edit?gid=98133673#gid=98133673
A5: Farhad | B5: 5 | C5: 38.532 | D5: 75 | E5: =C5/D5 -> 0.51376 | F5: 0 | G5: 31.37 | H5: https://docs.google.com/spreadsheets/d/1X0GiNAyJXSDuyK-NkH57rilQ-D0eyncF-1kUpOXKrYE/edit?gid=1272994502#gid=1272994502
A6: Ömer | B6: 11 | C6: 55.865 | D6: 90 | E6: =C6/D6 -> 0.62072222 | F6: 0 | G6: 53.35 | H6: https://docs.google.com/spreadsheets/d/1X0GiNAyJXSDuyK-NkH57rilQ-D0eyncF-1kUpOXKrYE/edit?gid=416664440#gid=416664440
A7: Malik | B7: 3 | C7: 47.652 | D7: 100 | E7: =C7/D7 -> 0.47652 | F7: 1 | G7: 70.12 | H7: https://docs.google.com/spreadsheets/d/1X0GiNAyJXSDuyK-NkH57rilQ-D0eyncF-1kUpOXKrYE/edit?gid=1355829565#gid=1355829565
A8: Yılmaz | B8: 7 | C8: 43.41 | D8: 80 | E8: =C8/D8 -> 0.542625 | F8: 0 | G8: 39.5 | H8: https://docs.google.com/spreadsheets/d/1X0GiNAyJXSDuyK-NkH57rilQ-D0eyncF-1kUpOXKrYE/edit?gid=1503107642#gid=1503107642
C9: =SUM(C2:C8) -> 374.109 | D9: =SUM(D2:D8) -> 610 | E9: =C9/D9 -> 0.61329344
D12: Sıra | E12: Kişi | F12: Final Notu
A13: " | D13: 1 | E13: Murat | F13: 4.51
D14: 2 | E14: Emre | F14: 3.72
D15: 3 | E15: Farhad | F15: 3.68
D16: 4 | E16: Yılmaz | F16: 3.39
D17: 5 | E17: Ömer | F17: 3.17
D18: 6 | E18: Malik | F18: 2.49
D19: 7 | E19: İslam | F19: 2.22

Sheet 11_24 Kasım 2024
B1: Kodladığı Madde Sayısı | C1: Toplam Score | D1: Beklenen Score | E1: Kodlananlara göre Kapasite % | F1: Testten Dönen Madde Sayısı | G1: TimeSpent | H1: Madde detayları
A2: İslam | B2: 9 | C2: 41.82 | D2: 90 | E2: =C2/D2 -> 0.46466667 | F2: 7 | G2: 55.17 | H2: https://docs.google.com/spreadsheets/d/1A90a-2h_sEXhAUyxeKSNcVQii6Kbrs4oqOXStaBYJvY/edit?gid=1795121416#gid=1795121416
A3: MuratSaç | B3: 10 | C3: 62.74 | D3: 75 | E3: =C3/D3 -> 0.83653333 | F3: 2 | G3: 48 | H3: https://docs.google.com/spreadsheets/d/1A90a-2h_sEXhAUyxeKSNcVQii6Kbrs4oqOXStaBYJvY/edit?gid=639565466#gid=639565466
A4: Emre | B4: 13 | C4: 81.52 | D4: 100 | E4: =C4/D4 -> 0.8152 | F4: 1 | G4: 55.95 | H4: https://docs.google.com/spreadsheets/d/1A90a-2h_sEXhAUyxeKSNcVQii6Kbrs4oqOXStaBYJvY/edit?gid=98133673#gid=98133673
A5: Farhad | B5: 12 | C5: 63.932 | D5: 75 | E5: =C5/D5 -> 0.85242667 | F5: 0 | G5: 87.08 | H5: https://docs.google.com/spreadsheets/d/1A90a-2h_sEXhAUyxeKSNcVQii6Kbrs4oqOXStaBYJvY/edit?gid=1272994502#gid=1272994502
A6: Ömer | B6: 14 | C6: 45.756 | D6: 100 | E6: =C6/D6 -> 0.45756 | F6: 2 | G6: 63.52 | H6: https://docs.google.com/spreadsheets/d/1A90a-2h_sEXhAUyxeKSNcVQii6Kbrs4oqOXStaBYJvY/edit?gid=416664440#gid=416664440
A7: Malik | B7: 8 | C7: =53.79+34.848+8 -> 96.638 | D7: 100 | E7: =C7/D7 -> 0.96638 | F7: 1 | G7: =63.33+24+14.5 -> 101.83 | H7: https://docs.google.com/spreadsheets/d/1A90a-2h_sEXhAUyxeKSNcVQii6Kbrs4oqOXStaBYJvY/edit?gid=1355829565#gid=1355829565
A8: Yılmaz | B8: 7 | C8: 45.63 | D8: 80 | E8: =C8/D8 -> 0.570375 | F8: 0 | G8: 27.63 | H8: https://docs.google.com/spreadsheets/d/1A90a-2h_sEXhAUyxeKSNcVQii6Kbrs4oqOXStaBYJvY/edit?gid=1503107642#gid=1503107642
C9: =SUM(C2:C8) -> 438.036 | D9: =SUM(D2:D8) -> 620 | E9: =C9/D9 -> 0.70650968
D12: Sıra | E12: Kişi | F12: Final Notu
A13: " | D13: 1 | E13: Farhad | F13: 4.4
D14: 2 | E14: Malik | F14: 4.09
D15: 3 | E15: Murat | F15: 3.91
D16: 4 | E16: Emre | F16: 3.8
D17: 5 | E17: Yılmaz | F17: 3.42
D18: 6 | E18: Ömer | F18: 2.49
D19: 7 | E19: İslam | F19: 1.99

Sheet 30 Ekim-10 Kasım 2024
B1: Kodladığı Madde Sayısı | C1: Toplam Score | D1: Beklenen Score | E1: Kodlananlara göre Kapasite % | F1: Testten Dönen Madde Sayısı | G1: TimeSpent | H1: Madde detayları
A2: İslam | B2: 5 | C2: 34.825 | D2: 80 | E2: =C2/D2 -> 0.4353125 | F2: 2 | G2: 40.92 | H2: https://docs.google.com/spreadsheets/d/1QV4-h2mIlgJX3BgKjEZo18HCaqCSWeMGotBcgHa8a_A/edit?gid=1795121416#gid=1795121416
A3: MuratSaç | B3: 5 | C3: 49.815 | D3: 60 | E3: =C3/D3 -> 0.83025 | F3: 2 | G3: 25 | H3: https://docs.google.com/spreadsheets/d/1QV4-h2mIlgJX3BgKjEZo18HCaqCSWeMGotBcgHa8a_A/edit?gid=639565466#gid=639565466
A4: Emre | B4: 5 | C4: 55.76 | D4: 80 | E4: =C4/D4 -> 0.697 | F4: 4 | G4: 54.63 | H4: https://docs.google.com/spreadsheets/d/1QV4-h2mIlgJX3BgKjEZo18HCaqCSWeMGotBcgHa8a_A/edit?gid=98133673#gid=98133673
A5: Farhad | B5: 12 | C5: 46.12 | D5: 56.25 | E5: =C5/D5 -> 0.81991111 | F5: 0 | G5: 32.32 | H5: https://docs.google.com/spreadsheets/d/1QV4-h2mIlgJX3BgKjEZo18HCaqCSWeMGotBcgHa8a_A/edit?gid=1272994502#gid=1272994502
A6: Ömer | B6: 13 | C6: 36.536 | D6: 80 | E6: =C6/D6 -> 0.4567 | F6: 2 | G6: 43.2 | H6: https://docs.google.com/spreadsheets/d/1QV4-h2mIlgJX3BgKjEZo18HCaqCSWeMGotBcgHa8a_A/edit?gid=416664440#gid=416664440
A7: Malik | B7: 13 | C7: 78.604 | D7: 75 | E7: =C7/D7 -> 1.0480533 | F7: 1 | G7: 51.33 | H7: https://docs.google.com/spreadsheets/d/1QV4-h2mIlgJX3BgKjEZo18HCaqCSWeMGotBcgHa8a_A/edit?gid=1355829565#gid=1355829565
A8: Yılmaz | B8: 18 | C8: 44.244 | D8: 64 | E8: =C8/D8 -> 0.6913125 | F8: 4 | G8: 22.08 | H8: https://docs.google.com/spreadsheets/d/1QV4-h2mIlgJX3BgKjEZo18HCaqCSWeMGotBcgHa8a_A/edit?gid=1503107642#gid=1503107642
C9: =SUM(C2:C8) -> 345.904 | D9: =SUM(D2:D8) -> 495.25 | E9: =C9/D9 -> 0.69844321
D12: Sıra | E12: Kişi | F12: Final Notu
D13: 1 | E13: Malik | F13: 4.26
D14: 2 | E14: Farhad | F14: 3.99
D15: 3 | E15: Yılmaz | F15: 3.48
D16: 4 | E16: Murat | F16: 3.25
D17: 5 | E17: Emre | F17: 2.77
D18: 6 | E18: Ömer | F18: 2.21
D19: 7 | E19: İslam | F19: 1.81

Sheet 14_29 Ekim 2024
B1: Kodladığı Madde Sayısı | C1: Toplam Score | D1: Beklenen Score | E1: Kodlananlara göre Kapasite % | F1: Testten Dönen Madde Sayısı | G1: TimeSpent | H1: Madde detayları
A2: İslam | B2: 9 | C2: 65.591 | D2: 100 | E2: =C2/D2 -> 0.65591 | F2: 4 | G2: 56.67 | H2: https://docs.google.com/spreadsheets/d/1N1HrpWk4f1eOAcHGA0uRUp8VTC-WL0tOOmhvdLHuDr0/edit?gid=1795121416#gid=1795121416
A3: MuratSaç | B3: 8 | C3: 46.76 | D3: 75 | E3: =C3/D3 -> 0.62346667 | F3: 2 | G3: 44.75 | H3: https://docs.google.com/spreadsheets/d/1N1HrpWk4f1eOAcHGA0uRUp8VTC-WL0tOOmhvdLHuDr0/edit?gid=639565466#gid=639565466
A4: Emre | B4: 17 | C4: 72.72 | D4: 100 | E4: =C4/D4 -> 0.7272 | F4: 3 | G4: 60.67 | H4: https://docs.google.com/spreadsheets/d/1N1HrpWk4f1eOAcHGA0uRUp8VTC-WL0tOOmhvdLHuDr0/edit?gid=98133673#gid=98133673
A5: Farhad | B5: 16 | C5: 59.22 | D5: 75 | E5: =C5/D5 -> 0.7896 | F5: 0 | G5: 50.97 | H5: https://docs.google.com/spreadsheets/d/1N1HrpWk4f1eOAcHGA0uRUp8VTC-WL0tOOmhvdLHuDr0/edit?gid=1272994502#gid=1272994502
A6: Ömer | B6: 9 | C6: 61.67 | D6: 100 | E6: =C6/D6 -> 0.6167 | F6: 2 | G6: 77.63 | H6: https://docs.google.com/spreadsheets/d/1N1HrpWk4f1eOAcHGA0uRUp8VTC-WL0tOOmhvdLHuDr0/edit?gid=416664440#gid=416664440
A7: Malik | B7: 12 | C7: 101.78 | D7: 100 | E7: =C7/D7 -> 1.0178 | F7: 3 | G7: 51.83 | H7: https://docs.google.com/spreadsheets/d/1N1HrpWk4f1eOAcHGA0uRUp8VTC-WL0tOOmhvdLHuDr0/edit?gid=1355829565#gid=1355829565
A8: Yılmaz | B8: 29 | C8: 51.05 | D8: 72 | E8: =C8/D8 -> 0.70902778 | F8: 5 | G8: 38.83 | H8: https://docs.google.com/spreadsheets/d/1N1HrpWk4f1eOAcHGA0uRUp8VTC-WL0tOOmhvdLHuDr0/edit?gid=1503107642#gid=1503107642
C9: =SUM(C2:C8) -> 458.791 | D9: =SUM(D2:D8) -> 622 | E9: =C9/D9 -> 0.73760611
D11: 1 | E11: Farhad | F11: 4.02
D12: 2 | E12: Malik | F12: 3.7
D13: 3 | E13: Yılmaz | F13: 3.34
D14: 4 | E14: Emre | F14: 3.31
D15: 5 | E15: Murat | F15: 3.04
D16: 6 | E16: Ömer | F16: 2.69
D17: 7 | E17: İslam | F17: 2.35

Sheet 30 Eylül-13 Ekim 2024
B1: Kodladığı Madde Sayısı | C1: Toplam Score | D1: Beklenen Score | E1: Kodlananlara göre Kapasite % | F1: Testten Dönen Madde Sayısı | G1: TimeSpent | H1: Madde detayları
A2: İslam | B2: 10 | C2: 42.458 | D2: 100 | E2: =C2/D2 -> 0.42458 | F2: 2 | G2: 43.67 | H2: https://docs.google.com/spreadsheets/d/17ut_piptsdvqjTtC6qPmNDGMcHQkctENDPt0rykDwmY/edit?gid=1795121416#gid=1795121416
A3: MuratSaç | B3: 2 | C3: 63.58 | D3: 75 | E3: =C3/D3 -> 0.84773333 | F3: 0 | G3: 85.5 | H3: https://docs.google.com/spreadsheets/d/17ut_piptsdvqjTtC6qPmNDGMcHQkctENDPt0rykDwmY/edit?gid=639565466#gid=639565466
A4: Emre | B4: 16 | C4: 75.05 | D4: 100 | E4: =C4/D4 -> 0.7505 | F4: 3 | G4: 60.92 | H4: https://docs.google.com/spreadsheets/d/17ut_piptsdvqjTtC6qPmNDGMcHQkctENDPt0rykDwmY/edit?gid=98133673#gid=98133673
A5: Farhad | B5: 9 | C5: 69.092 | D5: 75 | E5: =C5/D5 -> 0.92122667 | F5: 0 | G5: 54.58 | H5: https://docs.google.com/spreadsheets/d/17ut_piptsdvqjTtC6qPmNDGMcHQkctENDPt0rykDwmY/edit?gid=1272994502#gid=1272994502
A6: Ömer | B6: 11 | C6: 49.984 | D6: 100 | E6: =C6/D6 -> 0.49984 | F6: 3 | G6: 51.88 | H6: https://docs.google.com/spreadsheets/d/17ut_piptsdvqjTtC6qPmNDGMcHQkctENDPt0rykDwmY/edit?gid=416664440#gid=416664440
A7: Malik | B7: 3 | C7: 186.76 | D7: 100 | E7: =C7/D7 -> 1.8676 | F7: 1 | G7: 129.55 | H7: https://docs.google.com/spreadsheets/d/17ut_piptsdvqjTtC6qPmNDGMcHQkctENDPt0rykDwmY/edit?gid=1355829565#gid=1355829565
A8: Yılmaz | B8: 13 | C8: 44.44 | D8: 72 | E8: =C8/D8 -> 0.61722222 | F8: 2 | G8: 34.52 | H8: https://docs.google.com/spreadsheets/d/17ut_piptsdvqjTtC6qPmNDGMcHQkctENDPt0rykDwmY/edit?gid=1503107642#gid=1503107642
C9: =SUM(C2:C8) -> 531.364 | D9: =SUM(D2:D8) -> 622 | E9: =C9/D9 -> 0.85428296
D11: 1 | E11: Malik | F11: 4.52
D12: 2 | E12: Farhad | F12: 4.47
D13: 3 | E13: Murat | F13: 4.41
D14: 4 | E14: Emre | F14: 3.4
D15: 5 | E15: Yılmaz | F15: 3.33
D16: 6 | E16: Ömer | F16: 2.3
D17: 7 | E17: İslam | F17: 2.29

Sheet 2-29 Eylül 2024
B1: Kodladığı Madde Sayısı | C1: Toplam Score | D1: Beklenen Score | E1: Kodlananlara göre Kapasite % | F1: Testten Dönen Madde Sayısı | G1: TimeSpent | H1: Madde detayları
A2: İslam | B2: 8 | C2: 86.81 | D2: 150 | E2: =C2/D2 -> 0.57873333 | F2: 1 | G2: 66.5 | H2: https://docs.google.com/spreadsheets/d/1r36W9uHN2PGqfY3DzeZQeuMMIXde-lCBTlloe4Ly_I8/edit?gid=1795121416#gid=1795121416
A3: MuratSaç | B3: 8 | C3: 54.985 | D3: 105 | E3: =C3/D3 -> 0.52366667 | F3: 1 | G3: 45.5 | H3: https://docs.google.com/spreadsheets/d/1r36W9uHN2PGqfY3DzeZQeuMMIXde-lCBTlloe4Ly_I8/edit?gid=639565466#gid=639565466
A4: Emre | B4: 10 | C4: 114.704 | D4: 150 | E4: =C4/D4 -> 0.76469333 | F4: 1 | G4: 90.12 | H4: https://docs.google.com/spreadsheets/d/1r36W9uHN2PGqfY3DzeZQeuMMIXde-lCBTlloe4Ly_I8/edit?gid=98133673#gid=98133673
A5: Farhad | B5: 23 | C5: 96.779 | D5: 105 | E5: =C5/D5 -> 0.92170476 | F5: 1 | G5: 73.22 | H5: https://docs.google.com/spreadsheets/d/1r36W9uHN2PGqfY3DzeZQeuMMIXde-lCBTlloe4Ly_I8/edit?gid=1272994502#gid=1272994502
A6: Ömer | B6: 11 | C6: 38.08 | D6: 150 | E6: =C6/D6 -> 0.25386667 | F6: 5 | G6: 79.28 | H6: https://docs.google.com/spreadsheets/d/1r36W9uHN2PGqfY3DzeZQeuMMIXde-lCBTlloe4Ly_I8/edit?gid=416664440#gid=416664440
A7: Malik | B7: 5 | C7: 119.8 | D7: 150 | E7: =C7/D7 -> 0.79866667 | F7: 3 | G7: 96.2 | H7: https://docs.google.com/spreadsheets/d/1r36W9uHN2PGqfY3DzeZQeuMMIXde-lCBTlloe4Ly_I8/edit?gid=1355829565#gid=1355829565
A8: Yılmaz | B8: 19 | C8: 117.19 | D8: 120 | E8: =C8/D8 -> 0.97658333 | F8: 6 | G8: 76.85 | H8: https://docs.google.com/spreadsheets/d/1r36W9uHN2PGqfY3DzeZQeuMMIXde-lCBTlloe4Ly_I8/edit?gid=1503107642#gid=1503107642
C9: =SUM(C2:C8) -> 628.348 | D9: =SUM(D2:D8) -> 930 | E9: =C9/D9 -> 0.67564301
D11: 1 | E11: Farhad | F11: 4.23
D12: 2 | E12: Yılmaz | F12: 4.2
D13: 3 | E13: Emre | F13: 3.49
D14: 4 | E14: Malik | F14: 3.26
D15: 5 | E15: Murat | F15: 3.06
D16: 6 | E16: İslam | F16: 3
D17: 7 | E17: Ömer | F17: 1.71

Sheet 19-30 Ağustos 2024
B1: Kodladığı Madde Sayısı | C1: Toplam Score | D1: Beklenen Score | E1: Kodlananlara göre Kapasite % | F1: Testten Dönen Madde Sayısı | G1: TimeSpent | H1: Madde detayları
A2: İslam | B2: 4 | C2: 76.6 | D2: 90 | E2: =C2/D2 -> 0.85111111 | F2: 1 | G2: 73.08 | H2: https://docs.google.com/spreadsheets/d/17Mp2J0fMUqV4SDZWhAlRrS9jgfD8zGC3xLh5nSVHyDo/edit?gid=1795121416#gid=1795121416
A3: MuratSaç | B3: 4 | C3: 38.332 | D3: 37.5 | E3: =C3/D3 -> 1.0221867 | F3: 0 | G3: 44.5 | H3: https://docs.google.com/spreadsheets/d/17Mp2J0fMUqV4SDZWhAlRrS9jgfD8zGC3xLh5nSVHyDo/edit?gid=639565466#gid=639565466
A4: Emre | B4: 10 | C4: 69.57 | D4: 80 | E4: =C4/D4 -> 0.869625 | F4: 0 | G4: 45.93 | H4: https://docs.google.com/spreadsheets/d/17Mp2J0fMUqV4SDZWhAlRrS9jgfD8zGC3xLh5nSVHyDo/edit?gid=98133673#gid=98133673
A5: Farhad | B5: 2 | C5: 32.2 | D5: 30 | E5: =C5/D5 -> 1.0733333 | F5: 0 | G5: 34.05 | H5: https://docs.google.com/spreadsheets/d/17Mp2J0fMUqV4SDZWhAlRrS9jgfD8zGC3xLh5nSVHyDo/edit?gid=1272994502#gid=1272994502
A6: Ömer | B6: 5 | C6: 20.25 | D6: 40 | E6: =C6/D6 -> 0.50625 | F6: 1 | G6: 23.83 | H6: https://docs.google.com/spreadsheets/d/17Mp2J0fMUqV4SDZWhAlRrS9jgfD8zGC3xLh5nSVHyDo/edit?gid=416664440#gid=416664440
A7: Malik | B7: 8 | C7: 55.38 | D7: 80 | E7: =C7/D7 -> 0.69225 | F7: 3 | G7: 45.77 | H7: https://docs.google.com/spreadsheets/d/17Mp2J0fMUqV4SDZWhAlRrS9jgfD8zGC3xLh5nSVHyDo/edit?gid=1355829565#gid=1355829565
A8: Yılmaz | B8: 9 | C8: 44.222 | D8: 72 | E8: =C8/D8 -> 0.61419444 | F8: 2 | G8: 55.6 | H8: https://docs.google.com/spreadsheets/d/17Mp2J0fMUqV4SDZWhAlRrS9jgfD8zGC3xLh5nSVHyDo/edit?gid=1503107642#gid=1503107642
C9: =SUM(C2:C8) -> 336.554 | D9: =SUM(D2:D8) -> 429.5 | E9: =C9/D9 -> 0.78359488
D11: 1 | E11: Farhad | F11: 4.94
D12: 2 | E12: Murat | F12: 4.83
D13: 3 | E13: Emre | F13: 4.04
D14: 4 | E14: İslam | F14: 3.54
D15: 5 | E15: Yılmaz | F15: 3.32
D16: 6 | E16: Malik | F16: 2.66
D17: 7 | E17: Ömer | F17: 1.9

Sheet 5-18 Ağustos 2024
B1: Kodladığı Madde Sayısı | C1: Toplam Score | D1: Beklenen Score | E1: Kodlananlara göre Kapasite % | F1: Testten Dönen Madde Sayısı | G1: TimeSpent | H1: Madde detayları
A2: İslam | B2: 3 | C2: 71.055 | D2: 100 | E2: =C2/D2 -> 0.71055 | F2: 2 | G2: 55.5 | H2: https://docs.google.com/spreadsheets/d/1uwou3it559XmXMdseiQnxQS7O5ffizQa0-dmSdSJYhM/edit?gid=1795121416#gid=1795121416
A3: MuratSaç | B3: 3 | C3: 32.08 | D3: 75 | E3: =C3/D3 -> 0.42773333 | F3: 0 | G3: 9.5 | H3: https://docs.google.com/spreadsheets/d/1uwou3it559XmXMdseiQnxQS7O5ffizQa0-dmSdSJYhM/edit?gid=639565466#gid=639565466
A4: Emre | B4: 9 | C4: 89.588 | D4: 85 | E4: =C4/D4 -> 1.0539765 | F4: 3 | G4: 64.37 | H4: https://docs.google.com/spreadsheets/d/1uwou3it559XmXMdseiQnxQS7O5ffizQa0-dmSdSJYhM/edit?gid=98133673#gid=98133673
A5: Farhad | B5: 5 | C5: 49.07 | D5: 37.5 | E5: =C5/D5 -> 1.3085333 | F5: 0 | G5: 38.6 | H5: https://docs.google.com/spreadsheets/d/1uwou3it559XmXMdseiQnxQS7O5ffizQa0-dmSdSJYhM/edit?gid=1272994502#gid=1272994502
A6: Ömer | B6: 9 | C6: 33.312 | D6: 100 | E6: =C6/D6 -> 0.33312 | F6: 2 | G6: 33.55 | H6: https://docs.google.com/spreadsheets/d/1uwou3it559XmXMdseiQnxQS7O5ffizQa0-dmSdSJYhM/edit?gid=416664440#gid=416664440
A7: Malik | B7: 13 | C7: 82.711 | D7: 100 | E7: =C7/D7 -> 0.82711 | F7: 3 | G7: 67.6 | H7: https://docs.google.com/spreadsheets/d/1uwou3it559XmXMdseiQnxQS7O5ffizQa0-dmSdSJYhM/edit?gid=1355829565#gid=1355829565
A8: Yılmaz | B8: 6 | C8: 73.52 | D8: 80 | E8: =C8/D8 -> 0.919 | F8: 4 | G8: 45.25 | H8: https://docs.google.com/spreadsheets/d/1uwou3it559XmXMdseiQnxQS7O5ffizQa0-dmSdSJYhM/edit?gid=1503107642#gid=1503107642
C9: =SUM(C2:C8) -> 431.336 | D9: =SUM(D2:D8) -> 577.5 | E9: =C9/D9 -> 0.74690216
D12: 1 | E12: Farhad | F12: 4.95
D13: 2 | E13: Emre | F13: 4.26
D14: 3 | E14: Yılmaz | F14: 3.92
D15: 4 | E15: Malik | F15: 3.58
D16: 5 | E16: İslam | F16: 3.39
D17: 6 | E17: Murat | F17: 3.02
D18: 7 | E18: Ömer | F18: 1.94

Sheet 22 Temmuz-4 Ağustos 2024
B1: Kodladığı Madde Sayısı | C1: Toplam Score | D1: Beklenen Score | E1: Kodlananlara göre Kapasite % | F1: Testten Dönen Madde Sayısı | G1: TimeSpent | H1: Madde detayları
A2: İslam | B2: 5 | C2: 72.52 | D2: 100 | E2: =C2/D2 -> 0.7252 | F2: 2 | G2: 86.5 | H2: https://docs.google.com/spreadsheets/d/1uwou3it559XmXMdseiQnxQS7O5ffizQa0-dmSdSJYhM/edit?gid=1795121416#gid=1795121416
A3: MuratSaç | B3: 1 | C3: 25 | D3: 37.5 | E3: =C3/D3 -> 0.66666667 | F3: 0 | G3: 40 | H3: https://docs.google.com/spreadsheets/d/1uwou3it559XmXMdseiQnxQS7O5ffizQa0-dmSdSJYhM/edit?gid=639565466#gid=639565466
A4: Emre | B4: 16 | C4: 69.565 | D4: 100 | E4: =C4/D4 -> 0.69565 | F4: 3 | G4: 71.38 | H4: https://docs.google.com/spreadsheets/d/1uwou3it559XmXMdseiQnxQS7O5ffizQa0-dmSdSJYhM/edit?gid=98133673#gid=98133673
A5: Farhad | B5: 12 | C5: 58.08 | D5: 75 | E5: =C5/D5 -> 0.7744 | F5: 0 | G5: 55.6 | H5: https://docs.google.com/spreadsheets/d/1uwou3it559XmXMdseiQnxQS7O5ffizQa0-dmSdSJYhM/edit?gid=1272994502#gid=1272994502
A6: Ömer | B6: 8 | C6: 38.85 | D6: 100 | E6: =C6/D6 -> 0.3885 | F6: 2 | G6: 50.62 | H6: https://docs.google.com/spreadsheets/d/1uwou3it559XmXMdseiQnxQS7O5ffizQa0-dmSdSJYhM/edit?gid=416664440#gid=416664440
A7: Malik | B7: 3 | C7: 68.9 | D7: 100 | E7: =C7/D7 -> 0.689 | F7: 3 | G7: 121.85 | H7: https://docs.google.com/spreadsheets/d/1uwou3it559XmXMdseiQnxQS7O5ffizQa0-dmSdSJYhM/edit?gid=1355829565#gid=1355829565
A8: Yılmaz | B8: 11 | C8: 64.22 | D8: 80 | E8: =C8/D8 -> 0.80275 | F8: 4 | G8: 26.77 | H8: https://docs.google.com/spreadsheets/d/1uwou3it559XmXMdseiQnxQS7O5ffizQa0-dmSdSJYhM/edit?gid=1503107642#gid=1503107642
C9: =SUM(C2:C8) -> 397.135 | D9: =SUM(D2:D8) -> 592.5 | E9: =C9/D9 -> 0.67027004
F14: KUDO ŞAMPİYONU OLMADI

Sheet 8-21 Temmuz 2024
B1: Kodladığı Madde Sayısı | C1: Toplam Score | D1: Beklenen Score | E1: Kodlananlara göre Kapasite % | F1: Testten Dönen Madde Sayısı | G1: TimeSpent | H1: Madde detayları
A2: İslam | B2: 5 | C2: 60.25 | D2: 80 | E2: =C2/D2 -> 0.753125 | F2: 2 | G2: 39.67 | H2: https://docs.google.com/spreadsheets/d/1_Lwks0KRTvGk-A3Y85mC5GtAIBwueAzaKYmpcN30uZ0/edit?gid=1795121416#gid=1795121416
A3: MuratSaç | B3: 1 | C3: 56.16 | D3: 67.5 | E3: =C3/D3 -> 0.832 | F3: 0 | G3: 56 | H3: https://docs.google.com/spreadsheets/d/1_Lwks0KRTvGk-A3Y85mC5GtAIBwueAzaKYmpcN30uZ0/edit?gid=639565466#gid=639565466
A4: Emre | B4: 21 | C4: 58.785 | D4: 90 | E4: =C4/D4 -> 0.65316667 | F4: 2 | G4: 23.83 | H4: https://docs.google.com/spreadsheets/d/1_Lwks0KRTvGk-A3Y85mC5GtAIBwueAzaKYmpcN30uZ0/edit?gid=98133673#gid=98133673
A5: Farhad | B5: 8 | C5: 83.824 | D5: 67.5 | E5: =C5/D5 -> 1.241837 | F5: 0 | G5: 75.28 | H5: https://docs.google.com/spreadsheets/d/1_Lwks0KRTvGk-A3Y85mC5GtAIBwueAzaKYmpcN30uZ0/edit?gid=1272994502#gid=1272994502
A6: Ömer | B6: 12 | C6: 58.656 | D6: 90 | E6: =C6/D6 -> 0.65173333 | F6: 1 | G6: 44.65 | H6: https://docs.google.com/spreadsheets/d/1_Lwks0KRTvGk-A3Y85mC5GtAIBwueAzaKYmpcN30uZ0/edit?gid=416664440#gid=416664440
A7: Malik | B7: 2 | C7: 103.24 | D7: 90 | E7: =C7/D7 -> 1.1471111 | F7: 2 | G7: 21.6 | H7: https://docs.google.com/spreadsheets/d/1_Lwks0KRTvGk-A3Y85mC5GtAIBwueAzaKYmpcN30uZ0/edit?gid=1355829565#gid=1355829565
A8: Yılmaz | B8: 4 | C8: 39.91 | D8: 72 | E8: =C8/D8 -> 0.55430556 | F8: 2 | G8: 24.83 | H8: https://docs.google.com/spreadsheets/d/1_Lwks0KRTvGk-A3Y85mC5GtAIBwueAzaKYmpcN30uZ0/edit?gid=1503107642#gid=1503107642
C9: =SUM(C2:C8) -> 460.825 | D9: =SUM(D2:D8) -> 557 | E9: =C9/D9 -> 0.82733393
D12: 1 | E12: Farhad | F12: 5.23
D13: 2 | E13: Murat | F13: 4.47
D14: 3 | E14: Malik | F14: 3.64
D15: 4 | E15: Emre | F15: 3.04
D16: 5 | E16: Ömer | F16: 2.92
D17: 6 | E17: İslam | F17: 2.39
D18: 7 | E18: Yılmaz | F18: 2.27

Sheet 17 Haziran-7 Temmuz 2024
B1: Kodladığı Madde Sayısı | C1: Toplam Score | D1: Beklenen Score | E1: Kodlananlara göre Kapasite % | F1: Testten Dönen Madde Sayısı | G1: TimeSpent | H1: Madde detayları
A2: İslam | B2: 4 | C2: 41 | D2: 100 | E2: =C2/D2 -> 0.41 | F2: 1 | G2: 51.5 | H2: https://docs.google.com/spreadsheets/d/1e-0JQP4_2QL--B7ozgbLkQg4bsmo0TL_ugoGOf1tHyc/edit?gid=1795121416#gid=1795121416
A3: MuratSaç | B3: 1 | C3: 60 | D3: 67.5 | E3: =C3/D3 -> 0.88888889 | F3: 0 | G3: 72 | H3: https://docs.google.com/spreadsheets/d/1e-0JQP4_2QL--B7ozgbLkQg4bsmo0TL_ugoGOf1tHyc/edit?gid=639565466#gid=639565466
A4: Emre | B4: 13 | C4: 36.32 | D4: 70 | E4: =C4/D4 -> 0.51885714 | F4: 1 | G4: 43.82 | H4: https://docs.google.com/spreadsheets/d/1e-0JQP4_2QL--B7ozgbLkQg4bsmo0TL_ugoGOf1tHyc/edit?gid=98133673#gid=98133673
A5: Farhad | B5: 5 | C5: 59.672 | D5: 90 | E5: =C5/D5 -> 0.66302222 | F5: 0 | G5: 97.32 | H5: https://docs.google.com/spreadsheets/d/1e-0JQP4_2QL--B7ozgbLkQg4bsmo0TL_ugoGOf1tHyc/edit?gid=1272994502#gid=1272994502
A6: Ömer | B6: 5 | C6: 45.744 | D6: 120 | E6: =C6/D6 -> 0.3812 | F6: 2 | G6: 58.87 | H6: https://docs.google.com/spreadsheets/d/1e-0JQP4_2QL--B7ozgbLkQg4bsmo0TL_ugoGOf1tHyc/edit?gid=416664440#gid=416664440
A7: Malik | B7: 5 | C7: 104.01 | D7: 120 | E7: =C7/D7 -> 0.86675 | F7: 1 | G7: 71 | H7: https://docs.google.com/spreadsheets/d/1e-0JQP4_2QL--B7ozgbLkQg4bsmo0TL_ugoGOf1tHyc/edit?gid=1355829565#gid=1355829565
A8: Yılmaz | B8: 2 | C8: 45 | D8: 92 | E8: =C8/D8 -> 0.48913043 | F8: 1 | G8: 41.57 | H8: https://docs.google.com/spreadsheets/d/1e-0JQP4_2QL--B7ozgbLkQg4bsmo0TL_ugoGOf1tHyc/edit?gid=1503107642#gid=1503107642
C9: =SUM(C2:C8) -> 391.746 | D9: =SUM(D2:D8) -> 659.5 | E9: =C9/D9 -> 0.59400455
D12: 1 | E12: Murat | F12: 4.46
D13: 2 | E13: Farhad | F13: 4.04
D14: 3 | E14: Malik | F14: 3.55
D15: 4 | E15: Emre | F15: 2.58
D16: 5 | E16: Yılmaz | F16: 2.33
D17: 6 | E17: İslam | F17: 2.02
D18: 7 | E18: Ömer | F18: 1.81

Sheet 3-16 Haziran 2024
B1: Kodladığı Madde Sayısı | C1: Toplam Score | D1: Beklenen Score | E1: Kodlananlara göre Kapasite % | F1: Testten Dönen Madde Sayısı | G1: TimeSpent | H1: Madde detayları
A2: İslam | B2: 4 | C2: 60.692 | D2: 100 | E2: =C2/D2 -> 0.60692 | F2: 1 | G2: 49.5 | H2: https://docs.google.com/spreadsheets/d/1bF0g0NUQQGz1jg8CerXrjs77oAiEz4QdhuXqOwHQDN0/edit?gid=1795121416#gid=1795121416
A3: MuratSaç | B3: 6 | C3: 71.934 | D3: 75 | E3: =C3/D3 -> 0.95912 | F3: 2 | G3: 65 | H3: https://docs.google.com/spreadsheets/d/1bF0g0NUQQGz1jg8CerXrjs77oAiEz4QdhuXqOwHQDN0/edit?gid=639565466#gid=639565466
A4: Emre | B4: 17 | C4: 70.86 | D4: 100 | E4: =C4/D4 -> 0.7086 | F4: 0 | G4: 72.62 | H4: https://docs.google.com/spreadsheets/d/1bF0g0NUQQGz1jg8CerXrjs77oAiEz4QdhuXqOwHQDN0/edit?gid=98133673#gid=98133673
A5: Farhad | B5: 2 | C5: 80.872 | D5: 75 | E5: =C5/D5 -> 1.0782933 | F5: 0 | G5: 102.61 | H5: https://docs.google.com/spreadsheets/d/1bF0g0NUQQGz1jg8CerXrjs77oAiEz4QdhuXqOwHQDN0/edit?gid=1272994502#gid=1272994502
A6: Ömer | B6: 12 | C6: 47.8 | D6: 100 | E6: =C6/D6 -> 0.478 | F6: 1 | G6: 51.2 | H6: https://docs.google.com/spreadsheets/d/1bF0g0NUQQGz1jg8CerXrjs77oAiEz4QdhuXqOwHQDN0/edit?gid=416664440#gid=416664440
A7: Malik | B7: 5 | C7: 70.14 | D7: 100 | E7: =C7/D7 -> 0.7014 | F7: 2 | G7: 88 | H7: https://docs.google.com/spreadsheets/d/1bF0g0NUQQGz1jg8CerXrjs77oAiEz4QdhuXqOwHQDN0/edit?gid=1355829565#gid=1355829565
A8: Yılmaz | B8: 6 | C8: 62.77 | D8: 80 | E8: =C8/D8 -> 0.784625 | F8: 1 | G8: 67.42 | H8: https://docs.google.com/spreadsheets/d/1bF0g0NUQQGz1jg8CerXrjs77oAiEz4QdhuXqOwHQDN0/edit?gid=1503107642#gid=1503107642
C9: =SUM(C2:C8) -> 465.068 | D9: =SUM(D2:D8) -> 630 | E9: =C9/D9 -> 0.73820317
D12: 1 | E12: Farhad | F12: 5.17
D13: 2 | E13: Murat | F13: 4.09
D14: 3 | E14: Yılmaz | F14: 4.05
D15: 4 | E15: Emre | F15: 3.57
D16: 5 | E16: İslam | F16: 2.81
D17: 6 | E17: Ömer | F17: 2.71
D18: 7 | E18: Malik | F18: 2.61

Sheet 20 Mayıs-2 Haziran 2024
B1: Kodladığı Madde Sayısı | C1: Toplam Score | D1: Beklenen Score | E1: Kodlananlara göre Kapasite % | F1: Testten Dönen Madde Sayısı | G1: TimeSpent | H1: Madde detayları
A2: İslam | B2: 1 | C2: 45 | D2: 100 | E2: =C2/D2 -> 0.45 | F2: 1 | G2: 80 | H2: https://docs.google.com/spreadsheets/d/1lbRHodiU4jX8p--dPE6lnZl4bmDnCQsR6EdHe84S1Rk/edit#gid=1795121416
A3: MuratSaç | B3: 3 | C3: 17.6 | D3: 75 | E3: =C3/D3 -> 0.23466667 | F3: 2 | G3: 14.5 | H3: https://docs.google.com/spreadsheets/d/1lbRHodiU4jX8p--dPE6lnZl4bmDnCQsR6EdHe84S1Rk/edit#gid=639565466
A4: Emre | B4: 9 | C4: 25.65 | D4: 100 | E4: =C4/D4 -> 0.2565 | F4: 0 | G4: 56.5 | H4: https://docs.google.com/spreadsheets/d/1lbRHodiU4jX8p--dPE6lnZl4bmDnCQsR6EdHe84S1Rk/edit#gid=98133673
A5: Farhad | B5: 1 | C5: 68.64 | D5: 75 | E5: =C5/D5 -> 0.9152 | F5: 0 | G5: 80 | H5: https://docs.google.com/spreadsheets/d/1lbRHodiU4jX8p--dPE6lnZl4bmDnCQsR6EdHe84S1Rk/edit#gid=1272994502
A6: Ömer | B6: 9 | C6: 75.325 | D6: 100 | E6: =C6/D6 -> 0.75325 | F6: 2 | G6: 48.23 | H6: https://docs.google.com/spreadsheets/d/1lbRHodiU4jX8p--dPE6lnZl4bmDnCQsR6EdHe84S1Rk/edit#gid=416664440
A7: Malik | B7: 1 | C7: 22.176 | D7: 50 | E7: =C7/D7 -> 0.44352 | F7: 0 | G7: 20 | H7: https://docs.google.com/spreadsheets/d/1lbRHodiU4jX8p--dPE6lnZl4bmDnCQsR6EdHe84S1Rk/edit#gid=1355829565
A8: Yılmaz | B8: 11 | C8: 49.67 | D8: 80 | E8: =C8/D8 -> 0.620875 | F8: 2 | G8: 35.62 | H8: https://docs.google.com/spreadsheets/d/1lbRHodiU4jX8p--dPE6lnZl4bmDnCQsR6EdHe84S1Rk/edit#gid=1503107642
C9: =SUM(C2:C8) -> 304.061 | D9: =SUM(D2:D8) -> 580 | E9: =C9/D9 -> 0.5242431
D12: 1 | E12: Farhad | F12: 4.76
D13: 2 | E13: Yılmaz | F13: 3.37
D14: 3 | E14: Ömer | F14: 3.26
D15: 4 | E15: Malik | F15: 2.67
D16: 5 | E16: İslam | F16: 2.59
D17: 6 | E17: Emre | F17: 2.21
D18: 7 | E18: Murat | F18: 2.08

Sheet 6-19 MAYIS
B1: Kodladığı Madde Sayısı | C1: Toplam Score | D1: Beklenen Score | E1: Kodlananlara göre Kapasite % | F1: Testten Dönen Madde Sayısı | G1: TimeSpent | H1: Madde detayları
A2: İslam | B2: 8 | C2: 114.596 | D2: 95 | E2: =C2/D2 -> 1.2062737 | F2: 3 | G2: 70.08 | H2: https://docs.google.com/spreadsheets/d/1UR9BzmEE_Oph-l5zBvNOqFcYFNHWI9ApjIaCS9GxRGQ/edit#gid=1795121416
A3: MuratSaç | B3: 4 | C3: 50.542 | D3: 75 | E3: =C3/D3 -> 0.67389333 | F3: 3 | G3: 74 | H3: https://docs.google.com/spreadsheets/d/1UR9BzmEE_Oph-l5zBvNOqFcYFNHWI9ApjIaCS9GxRGQ/edit#gid=639565466
A4: Emre | B4: 12 | C4: 82.44 | D4: 100 | E4: =C4/D4 -> 0.8244 | F4: 1 | G4: 73.15 | H4: https://docs.google.com/spreadsheets/d/1UR9BzmEE_Oph-l5zBvNOqFcYFNHWI9ApjIaCS9GxRGQ/edit#gid=98133673
A5: Farhad | B5: 5 | C5: 51.82 | D5: 75 | E5: =C5/D5 -> 0.69093333 | G5: 49.07 | H5: https://docs.google.com/spreadsheets/d/1UR9BzmEE_Oph-l5zBvNOqFcYFNHWI9ApjIaCS9GxRGQ/edit#gid=1272994502
A6: Ömer | B6: 11 | C6: 88.871 | D6: 100 | E6: =C6/D6 -> 0.88871 | F6: 3 | G6: 78.22 | H6: https://docs.google.com/spreadsheets/d/1UR9BzmEE_Oph-l5zBvNOqFcYFNHWI9ApjIaCS9GxRGQ/edit#gid=416664440
A7: Malik | B7: 4 | C7: 104.604 | D7: 100 | E7: =C7/D7 -> 1.04604 | F7: 1 | G7: 83.3 | H7: https://docs.google.com/spreadsheets/d/1UR9BzmEE_Oph-l5zBvNOqFcYFNHWI9ApjIaCS9GxRGQ/edit#gid=1355829565
A8: Yılmaz | B8: 17 | C8: 69.93 | D8: 72 | E8: =C8/D8 -> 0.97125 | F8: 5 | G8: 62.55 | H8: https://docs.google.com/spreadsheets/d/1UR9BzmEE_Oph-l5zBvNOqFcYFNHWI9ApjIaCS9GxRGQ/edit#gid=1503107642
C9: =SUM(C2:C8) -> 562.803 | D9: =SUM(D2:D8) -> 617 | E9: =C9/D9 -> 0.91216045
C11: 1 | D11: İslam | E11: 4.54
C12: 2 | D12: Yılmaz | E12: 4.43
C13: 3 | D13: Malik | E13: 4.25
C14: 4 | D14: Farhad | E14: 4.25
C15: 5 | D15: Emre | E15: 3.76
C16: 6 | D16: Ömer | E16: 3.64
C17: 7 | D17: Murat | E17: 3.05

Sheet 22 NİSAN-5 MAYIS
B1: Kodladığı Madde Sayısı | C1: Toplam Score | D1: Beklenen Score | E1: Kodlananlara göre Kapasite % | F1: Testten Dönen Madde Sayısı | G1: TimeSpent | H1: Madde detayları
A2: İslam | B2: 6 | C2: 35.375 | D2: 75 | E2: =C2/D2 -> 0.47166667 | F2: 2 | G2: 40.5 | H2: https://docs.google.com/spreadsheets/d/11ANpW6wt09iOytF_9cydQLuF53tvL_xW-jl2e_yurAU/edit#gid=1795121416
A3: MuratSaç | B3: 3 | C3: 17.38 | D3: 45 | E3: =C3/D3 -> 0.38622222 | F3: 0 | G3: 11 | H3: https://docs.google.com/spreadsheets/d/11ANpW6wt09iOytF_9cydQLuF53tvL_xW-jl2e_yurAU/edit#gid=639565466
A4: Emre | B4: 12 | C4: 50.37 | D4: 80 | E4: =C4/D4 -> 0.629625 | F4: 0 | G4: 49.55 | H4: https://docs.google.com/spreadsheets/d/11ANpW6wt09iOytF_9cydQLuF53tvL_xW-jl2e_yurAU/edit#gid=98133673
A5: Farhad | B5: 2 | C5: 53.37 | D5: 60 | E5: =C5/D5 -> 0.8895 | F5: 0 | G5: 50.15 | H5: https://docs.google.com/spreadsheets/d/11ANpW6wt09iOytF_9cydQLuF53tvL_xW-jl2e_yurAU/edit#gid=1272994502
A6: Ömer | B6: 10 | C6: 31.45 | D6: 65 | E6: =C6/D6 -> 0.48384615 | F6: 3 | G6: 39.62 | H6: https://docs.google.com/spreadsheets/d/11ANpW6wt09iOytF_9cydQLuF53tvL_xW-jl2e_yurAU/edit#gid=416664440
A7: Malik | B7: 7 | C7: 67.72 | D7: 80 | E7: =C7/D7 -> 0.8465 | F7: 0 | G7: 44.82 | H7: https://docs.google.com/spreadsheets/d/11ANpW6wt09iOytF_9cydQLuF53tvL_xW-jl2e_yurAU/edit#gid=1355829565
A8: Yılmaz | B8: 10 | C8: 56.278 | D8: 64 | E8: =C8/D8 -> 0.87934375 | F8: 1 | G8: 57.85 | H8: https://docs.google.com/spreadsheets/d/11ANpW6wt09iOytF_9cydQLuF53tvL_xW-jl2e_yurAU/edit#gid=1503107642
C9: =SUM(C2:C8) -> 311.943 | D9: =SUM(D2:D8) -> 469 | E9: =C9/D9 -> 0.66512367
A10: 23 NİSAN VE 1 MAYIS NEDENİYLE EKSİK GÜNLERİ ALAN 2 HAFTALIK ÇALIŞMADIR
C13: 1 | D13: Farhad | E13: 4.54
C14: 2 | D14: Yılmaz | E14: 4.33
C15: 3 | D15: Malik | E15: 3.9
C16: 4 | D16: Emre | E16: 3.32
C17: 5 | D17: Murat | E17: 3.07
C18: 6 | D18: Ömer | E18: 2.22
C19: 7 | D19: İslam | E19: 2.1

Sheet 1-21 Nisan 2024
B1: Kodladığı Madde Sayısı | C1: Toplam Score | D1: Beklenen Score | E1: Kodlananlara göre Kapasite % | F1: Testten Dönen Madde Sayısı | G1: TimeSpent | H1: Madde detayları
A2: İslam | B2: 4 | C2: 68.98 | D2: 115 | E2: =C2/D2 -> 0.59982609 | F2: 1 | G2: 59.25 | H2: https://docs.google.com/spreadsheets/d/17otxMDNzhsaAroNwL6Bh8jNX0d7RzTUQk8Ahpx216-Q/edit#gid=1795121416
A3: MuratSaç | B3: 4 | C3: 34.538 | D3: 86.25 | E3: =C3/D3 -> 0.40044058 | F3: 1 | G3: 70.75 | H3: https://docs.google.com/spreadsheets/d/17otxMDNzhsaAroNwL6Bh8jNX0d7RzTUQk8Ahpx216-Q/edit#gid=639565466
A4: Emre | B4: 6 | C4: 42.58 | D4: 60 | E4: =C4/D4 -> 0.70966667 | F4: 0 | G4: 34.23 | H4: https://docs.google.com/spreadsheets/d/17otxMDNzhsaAroNwL6Bh8jNX0d7RzTUQk8Ahpx216-Q/edit#gid=98133673
A5: Farhad | B5: 6 | C5: 84.785 | D5: 71.25 | E5: =C5/D5 -> 1.1899649 | F5: 0 | G5: 73.48 | H5: https://docs.google.com/spreadsheets/d/17otxMDNzhsaAroNwL6Bh8jNX0d7RzTUQk8Ahpx216-Q/edit#gid=1272994502
A6: Ömer | B6: 16 | C6: 53.11 | D6: 105 | E6: =C6/D6 -> 0.50580952 | F6: 2 | G6: 52.42 | H6: https://docs.google.com/spreadsheets/d/17otxMDNzhsaAroNwL6Bh8jNX0d7RzTUQk8Ahpx216-Q/edit#gid=416664440
A7: Malik | B7: 12 | C7: 84.818 | D7: 115 | E7: =C7/D7 -> 0.73754783 | F7: 3 | G7: 70.8 | H7: https://docs.google.com/spreadsheets/d/17otxMDNzhsaAroNwL6Bh8jNX0d7RzTUQk8Ahpx216-Q/edit#gid=1355829565
A8: Yılmaz | B8: 3 | C8: 22.66 | D8: 92 | E8: =C8/D8 -> 0.24630435 | F8: 3 | G8: 50.55 | H8: https://docs.google.com/spreadsheets/d/17otxMDNzhsaAroNwL6Bh8jNX0d7RzTUQk8Ahpx216-Q/edit#gid=1503107642
C9: =SUM(C2:C8) -> 391.471 | D9: =SUM(D2:D8) -> 644.5 | E9: =C9/D9 -> 0.60740264
A12: NOT: RAMAZAN BAYRAMI NEDENİYLE 3 HAFTALIK BİR PERİYOTTA HESAPLAMALAR YAPILMIŞTIR
C14: 1 | D14: Farhad | E14: 5.23
C15: 2 | D15: Emre | E15: 3.34
C16: 3 | D16: Malik | E16: 3.15
C17: 4 | D17: Murat | E17: 2.66
C18: 5 | D18: İslam | E18: 2.52
C19: 6 | D19: Ömer | E19: 2.44
C20: 7 | D20: Yılmaz | E20: 2.02

Sheet 18-31 Mart 2024
B1: Kodladığı Madde Sayısı | C1: Toplam Score | D1: Beklenen Score | E1: Kodlananlara göre Kapasite % | F1: Testten Dönen Madde Sayısı | G1: TimeSpent | H1: Madde detayları
A2: İslam | B2: 3 | C2: 77.182 | D2: 100 | E2: =C2/D2 -> 0.77182 | F2: 1 | G2: 67 | H2: https://docs.google.com/spreadsheets/d/1W98Ox9UZncN_GM-ZB2YG2m7m56P57Dy-_JLLn14SOqs/edit#gid=1272994502
A3: MuratSaç | B3: 1 | C3: 40.848 | D3: 75 | E3: =C3/D3 -> 0.54464 | F3: 0 | G3: 64 | H3: https://docs.google.com/spreadsheets/d/1W98Ox9UZncN_GM-ZB2YG2m7m56P57Dy-_JLLn14SOqs/edit#gid=639565466
A4: Emre | B4: 18 | C4: 65.106 | D4: 100 | E4: =C4/D4 -> 0.65106 | F4: 1 | G4: 63.08 | H4: https://docs.google.com/spreadsheets/d/1W98Ox9UZncN_GM-ZB2YG2m7m56P57Dy-_JLLn14SOqs/edit#gid=98133673
A5: Farhad | B5: 6 | C5: 50.176 | D5: 60 | E5: =C5/D5 -> 0.83626667 | F5: 0 | G5: 41.57 | H5: https://docs.google.com/spreadsheets/d/1W98Ox9UZncN_GM-ZB2YG2m7m56P57Dy-_JLLn14SOqs/edit#gid=1272994502
A6: Ömer | B6: 8 | C6: 30.894 | D6: 50 | E6: =C6/D6 -> 0.61788 | F6: 1 | G6: 30.52 | H6: https://docs.google.com/spreadsheets/d/1W98Ox9UZncN_GM-ZB2YG2m7m56P57Dy-_JLLn14SOqs/edit#gid=416664440
A7: Malik | B7: 16 | C7: 119.67 | D7: 100 | E7: =C7/D7 -> 1.1967 | F7: 2 | G7: 55.3 | H7: https://docs.google.com/spreadsheets/d/1W98Ox9UZncN_GM-ZB2YG2m7m56P57Dy-_JLLn14SOqs/edit#gid=1355829565
A8: Yılmaz | B8: 8 | C8: 57.195 | D8: 80 | E8: =C8/D8 -> 0.7149375 | F8: 1 | G8: 58.47 | H8: https://docs.google.com/spreadsheets/d/1W98Ox9UZncN_GM-ZB2YG2m7m56P57Dy-_JLLn14SOqs/edit#gid=1503107642
C9: =SUM(C2:C8) -> 441.071 | D9: =SUM(D2:D8) -> 565 | E9: =C9/D9 -> 0.78065664
E11: 1 | F11: Malik | G11: 4.87
E12: 2 | F12: Farhad | G12: 4.08
E13: 3 | F13: Yılmaz | G13: 3.73
E14: 4 | F14: Murat | G14: 3.66
E15: 5 | F15: Emre | G15: 3.27
E16: 6 | F16: İslam | G16: 3.16
E17: 7 | F17: Ömer | G17: 3

Sheet 4-17 Mart 2024
B1: Kodladığı Madde Sayısı | C1: Toplam Score | D1: Beklenen Score | E1: Kodlananlara göre Kapasite % | F1: Testten Dönen Madde Sayısı | G1: TimeSpent | H1: Madde detayları
A2: İslam | B2: 6 | C2: 77.85 | D2: 100 | E2: =C2/D2 -> 0.7785 | F2: 2 | G2: 50.5 | H2: https://docs.google.com/spreadsheets/d/1KOMWzcxFSuUHvDQrtRrlrDDyDRUpLL_cy6LpzsVrqRc/edit#gid=1795121416
A3: MuratSaç | B3: 4 | C3: 65.13 | D3: 60 | E3: =C3/D3 -> 1.0855 | F3: 1 | G3: 58.53 | H3: https://docs.google.com/spreadsheets/d/1KOMWzcxFSuUHvDQrtRrlrDDyDRUpLL_cy6LpzsVrqRc/edit#gid=639565466
A4: Emre | B4: 15 | C4: 66.045 | D4: 100 | E4: =C4/D4 -> 0.66045 | F4: 2 | G4: 61.58 | H4: https://docs.google.com/spreadsheets/d/1KOMWzcxFSuUHvDQrtRrlrDDyDRUpLL_cy6LpzsVrqRc/edit#gid=98133673
A5: Farhad | B5: 4 | C5: 57.14 | D5: 75 | E5: =C5/D5 -> 0.76186667 | F5: 0 | G5: 50.58 | H5: https://docs.google.com/spreadsheets/d/1KOMWzcxFSuUHvDQrtRrlrDDyDRUpLL_cy6LpzsVrqRc/edit#gid=1272994502
A6: Ömer | B6: 17 | C6: 55.328 | D6: 100 | E6: =C6/D6 -> 0.55328 | F6: 3 | G6: 70.62 | H6: https://docs.google.com/spreadsheets/d/1KOMWzcxFSuUHvDQrtRrlrDDyDRUpLL_cy6LpzsVrqRc/edit#gid=416664440
A7: Malik | B7: 7 | C7: 108.592 | D7: 100 | E7: =C7/D7 -> 1.08592 | F7: 2 | G7: 96.08 | H7: https://docs.google.com/spreadsheets/d/1KOMWzcxFSuUHvDQrtRrlrDDyDRUpLL_cy6LpzsVrqRc/edit#gid=1355829565
A8: Yılmaz | B8: 3 | C8: 65.02 | D8: 80 | E8: =C8/D8 -> 0.81275 | F8: 1 | G8: 51.6 | H8: https://docs.google.com/spreadsheets/d/1KOMWzcxFSuUHvDQrtRrlrDDyDRUpLL_cy6LpzsVrqRc/edit#gid=1503107642
C9: =SUM(C2:C8) -> 495.105 | D9: =SUM(D2:D8) -> 615 | E9: =C9/D9 -> 0.80504878
D10: 1 | E10: Murat | F10: 4.31
D11: 2 | E11: Farhad | F11: 4.24
D12: 3 | E12: Malik | F12: 4.09
D13: 4 | E13: Yılmaz | F13: 3.81
D14: 5 | E14: İslam | F14: 3.13
D15: 6 | E15: Emre | F15: 3.06
D16: 7 | E16: Ömer | F16: 2.61

Sheet 19 şubat-3 Mart 2024
B1: Kodladığı Madde Sayısı | C1: Toplam Score | D1: Beklenen Score | E1: Kodlananlara göre Kapasite % | F1: Testten Dönen Madde Sayısı | G1: TimeSpent | H1: Madde detayları
A2: İslam | B2: 13 | C2: 54.481 | D2: 100 | E2: =C2/D2 -> 0.54481 | F2: 2 | G2: 49.83 | H2: https://docs.google.com/spreadsheets/d/13H9HKXeJ99B8eBmqm5YEZ-_7vvxAvErwZ7avVXO2at8/edit#gid=1795121416
A3: MuratSaç | B3: 4 | C3: 20.838 | D3: 67.5 | E3: =C3/D3 -> 0.30871111 | F3: 0 | G3: 35 | H3: https://docs.google.com/spreadsheets/d/13H9HKXeJ99B8eBmqm5YEZ-_7vvxAvErwZ7avVXO2at8/edit#gid=639565466
A4: Emre | B4: 13 | C4: 88.1 | D4: 100 | E4: =C4/D4 -> 0.881 | F4: 0 | G4: 76.35 | H4: https://docs.google.com/spreadsheets/d/13H9HKXeJ99B8eBmqm5YEZ-_7vvxAvErwZ7avVXO2at8/edit#gid=98133673
A5: Farhad | B5: 6 | C5: =42.803+7.26 -> 50.063 | D5: 75 | E5: =C5/D5 -> 0.66750667 | F5: 0 | G5: 39.55 | H5: https://docs.google.com/spreadsheets/d/13H9HKXeJ99B8eBmqm5YEZ-_7vvxAvErwZ7avVXO2at8/edit#gid=1272994502
A6: Ömer | B6: 11 | C6: 40.825 | D6: 100 | E6: =C6/D6 -> 0.40825 | F6: 2 | G6: 48.5 | H6: https://docs.google.com/spreadsheets/d/13H9HKXeJ99B8eBmqm5YEZ-_7vvxAvErwZ7avVXO2at8/edit#gid=416664440
A7: Malik | B7: 9 | C7: 75.04 | D7: 100 | E7: =C7/D7 -> 0.7504 | F7: 5 | G7: 42.03 | H7: https://docs.google.com/spreadsheets/d/13H9HKXeJ99B8eBmqm5YEZ-_7vvxAvErwZ7avVXO2at8/edit#gid=1355829565
A8: Yılmaz | B8: 4 | C8: 75.872 | D8: 80 | E8: =C8/D8 -> 0.9484 | F8: 0 | G8: 53.47 | H8: https://docs.google.com/spreadsheets/d/13H9HKXeJ99B8eBmqm5YEZ-_7vvxAvErwZ7avVXO2at8/edit#gid=1503107642
C9: =SUM(C2:C8) -> 405.219 | D9: =SUM(D2:D8) -> 622.5 | E9: =C9/D9 -> 0.65095422
C11: 1 | D11: Yılmaz | E11: 4.5
C12: 2 | D12: Farhad | E12: 3.68
C13: 3 | D13: Emre | E13: 2.84
C14: 4 | D14: İslam | E14: 2.81
C15: 5 | D15: Murat | E15: 2.76
C16: 6 | D16: Malik | E16: 2.52
C17: 7 | D17: Ömer | E17: 2.2

Sheet 5 şubat-18 Şubat 2024
B1: Kodladığı Madde Sayısı | C1: Toplam Score | D1: Beklenen Score | E1: Kodlananlara göre Kapasite % | F1: Testten Dönen Madde Sayısı | G1: TimeSpent | H1: Madde detayları
A2: İslam | B2: 9 | C2: 55.5 | D2: 100 | E2: =C2/D2 -> 0.555 | F2: 2 | G2: 34.92 | H2: https://docs.google.com/spreadsheets/d/1vHHNvMgEfWsZ3hMQEyR4hg4PK3B_u3MB4a5CE22-PQY/edit#gid=1795121416
A3: MuratSaç | B3: 1 | C3: 36.432 | D3: 52.5 | E3: =C3/D3 -> 0.69394286 | F3: 0 | G3: 60 | H3: https://docs.google.com/spreadsheets/d/1vHHNvMgEfWsZ3hMQEyR4hg4PK3B_u3MB4a5CE22-PQY/edit#gid=639565466
A4: Emre | B4: 10 | C4: 64.395 | D4: 95 | E4: =C4/D4 -> 0.67784211 | F4: 1 | G4: 60 | H4: https://docs.google.com/spreadsheets/d/1vHHNvMgEfWsZ3hMQEyR4hg4PK3B_u3MB4a5CE22-PQY/edit#gid=98133673
A5: Farhad | B5: 7 | C5: 51.925 | D5: 37.5 | E5: =C5/D5 -> 1.3846667 | F5: 0 | G5: 43.45 | H5: https://docs.google.com/spreadsheets/d/1vHHNvMgEfWsZ3hMQEyR4hg4PK3B_u3MB4a5CE22-PQY/edit#gid=1272994502
A6: Ömer | B6: 9 | C6: 32.36 | D6: 100 | E6: =C6/D6 -> 0.3236 | F6: 3 | G6: 43.62 | H6: https://docs.google.com/spreadsheets/d/1vHHNvMgEfWsZ3hMQEyR4hg4PK3B_u3MB4a5CE22-PQY/edit#gid=416664440
A7: Malik | B7: 4 | C7: 31.97 | D7: 85 | E7: =C7/D7 -> 0.37611765 | F7: 5 | G7: 42.35 | H7: https://docs.google.com/spreadsheets/d/1vHHNvMgEfWsZ3hMQEyR4hg4PK3B_u3MB4a5CE22-PQY/edit#gid=1355829565
A8: Yılmaz | B8: 6 | C8: 29.872 | D8: 80 | E8: =C8/D8 -> 0.3734 | F8: 2 | G8: 34 | H8: https://docs.google.com/spreadsheets/d/1vHHNvMgEfWsZ3hMQEyR4hg4PK3B_u3MB4a5CE22-PQY/edit#gid=1503107642
C9: =SUM(C2:C8) -> 302.454 | D9: =SUM(D2:D8) -> 550 | E9: =C9/D9 -> 0.54991636
D11: 1 | E11: Farhad | F11: 3.65
D12: 2 | E12: Murat | F12: 3.2
D13: 3 | E13: Emre | F13: 3.15
D14: 4 | E14: İslam | F14: 2.42
D15: 5 | E15: Yılmaz | F15: 2.33
D16: 6 | E16: Ömer | F16: 1.68
D17: 7 | E17: Malik | F17: 1.56

Sheet 22 Ocak-4 Şubat 2024
B1: Kodladığı Madde Sayısı | C1: Toplam Score | D1: Beklenen Score | E1: Kodlananlara göre Kapasite % | F1: Testten Dönen Madde Sayısı | G1: TimeSpent | H1: Madde detayları
A2: İslam | B2: 12 | C2: 76.789 | D2: 100 | E2: =C2/D2 -> 0.76789 | F2: 2 | G2: 63.58 | H2: https://docs.google.com/spreadsheets/d/171GS3NdWB1GsFSTN7ovih2DtoJxR82uSOg_gVL8bgIE/edit#gid=1795121416
A3: MuratSaç | B3: 2 | C3: 18.018 | D3: 52.5 | E3: =C3/D3 -> 0.3432 | F3: 0 | G3: 6 | H3: https://docs.google.com/spreadsheets/d/171GS3NdWB1GsFSTN7ovih2DtoJxR82uSOg_gVL8bgIE/edit#gid=639565466
A4: Emre | B4: 15 | C4: 80.978 | D4: 95 | E4: =C4/D4 -> 0.8524 | F4: 0 | G4: 66.58 | H4: https://docs.google.com/spreadsheets/d/171GS3NdWB1GsFSTN7ovih2DtoJxR82uSOg_gVL8bgIE/edit#gid=98133673
A5: Farhad | B5: 2 | C5: 9.56 | D5: 37.5 | E5: =C5/D5 -> 0.25493333 | F5: 0 | G5: 9.1 | H5: https://docs.google.com/spreadsheets/d/171GS3NdWB1GsFSTN7ovih2DtoJxR82uSOg_gVL8bgIE/edit#gid=1272994502
A6: Ömer | B6: 17 | C6: 53.405 | D6: 100 | E6: =C6/D6 -> 0.53405 | F6: 2 | G6: 49.4 | H6: https://docs.google.com/spreadsheets/d/171GS3NdWB1GsFSTN7ovih2DtoJxR82uSOg_gVL8bgIE/edit#gid=416664440
A7: Malik | B7: 10 | C7: 91.875 | D7: 85 | E7: =C7/D7 -> 1.0808824 | F7: 5 | G7: 75.77 | H7: https://docs.google.com/spreadsheets/d/171GS3NdWB1GsFSTN7ovih2DtoJxR82uSOg_gVL8bgIE/edit#gid=1355829565
A8: Yılmaz | B8: 9 | C8: 34.009 | D8: 80 | E8: =C8/D8 -> 0.4251125 | F8: 2 | G8: 36.77 | H8: https://docs.google.com/spreadsheets/d/171GS3NdWB1GsFSTN7ovih2DtoJxR82uSOg_gVL8bgIE/edit#gid=1503107642
C9: =SUM(C2:C8) -> 364.634 | D9: =SUM(D2:D8) -> 550 | E9: =C9/D9 -> 0.66297091
D12: 1 | E12: Emre | F12: 3.96
D13: 2 | E13: Malik | F13: 3.92 | H13: Kudo şampiyonu malik
D14: 3 | E14: İslam | F14: 3.33
D15: 4 | E15: Murat | F15: 2.92
D16: 5 | E16: Yılmaz | F16: 2.79
D17: 6 | E17: Ömer | F17: 2.78
D18: 7 | E18: Farhad | F18: 2.65

Sheet 8 Ocak-21 Ocak 2024
B1: Kodladığı Madde Sayısı | C1: Toplam Score | D1: Beklenen Score | E1: Kodlananlara göre Kapasite % | F1: Testten Dönen Madde Sayısı | G1: TimeSpent | H1: Madde detayları
A2: İslam | B2: 6 | C2: 73.098 | D2: 100 | E2: =C2/D2 -> 0.73098 | F2: 3 | G2: 65.58 | H2: https://docs.google.com/spreadsheets/d/1viInZHqbGD0K4n4qXI9-PByUhr7NC3ef_z-xljBYko0/edit#gid=1795121416
A3: MuratSaç | B3: 4 | C3: 41 | D3: 75 | E3: =C3/D3 -> 0.54666667 | F3: 1 | G3: 35.5 | H3: https://docs.google.com/spreadsheets/d/1viInZHqbGD0K4n4qXI9-PByUhr7NC3ef_z-xljBYko0/edit#gid=639565466
A4: Emre | B4: 14 | C4: 80.674 | D4: 100 | E4: =C4/D4 -> 0.80674 | F4: 1 | G4: 68.75 | H4: https://docs.google.com/spreadsheets/d/1viInZHqbGD0K4n4qXI9-PByUhr7NC3ef_z-xljBYko0/edit#gid=98133673
A5: Farhad | B5: 6 | C5: 51.839 | D5: 60 | E5: =C5/D5 -> 0.86398333 | G5: 42.7 | H5: https://docs.google.com/spreadsheets/d/1viInZHqbGD0K4n4qXI9-PByUhr7NC3ef_z-xljBYko0/edit#gid=1272994502
A6: Ömer | B6: 11 | C6: 43.775 | D6: 100 | E6: =C6/D6 -> 0.43775 | F6: 2 | G6: 42.58 | H6: https://docs.google.com/spreadsheets/d/1viInZHqbGD0K4n4qXI9-PByUhr7NC3ef_z-xljBYko0/edit#gid=416664440
A7: Malik | B7: 7 | C7: 104.84 | D7: 100 | E7: =C7/D7 -> 1.0484 | F7: 1 | G7: 82.53 | H7: https://docs.google.com/spreadsheets/d/1viInZHqbGD0K4n4qXI9-PByUhr7NC3ef_z-xljBYko0/edit#gid=1355829565
A8: Yılmaz | B8: 7 | C8: 19.602 | D8: 80 | E8: =C8/D8 -> 0.245025 | F8: 0 | G8: 35.23 | H8: https://docs.google.com/spreadsheets/d/1viInZHqbGD0K4n4qXI9-PByUhr7NC3ef_z-xljBYko0/edit#gid=1503107642
C9: =SUM(C2:C8) -> 414.828 | D9: =SUM(D2:D8) -> 615 | E9: =C9/D9 -> 0.67451707
D12: 1 | E12: Malik | F12: 4.5
D13: 2 | E13: Farhad | F13: 4.35 | H13: Kudo şampiyonu Malik
D14: 3 | E14: Emre | F14: 3.63
D15: 4 | E15: Murat | F15: 3.08
D16: 5 | E16: İslam | F16: 2.67
D17: 6 | E17: Yılmaz | F17: 2.59
D18: 7 | E18: Ömer | F18: 2.43

Sheet 25Aralık 2023-7 Ocak 2024
B1: Kodladığı Madde Sayısı | C1: Toplam Score | D1: Beklenen Score | E1: Kodlananlara göre Kapasite % | F1: Testten Dönen Madde Sayısı | G1: TimeSpent | H1: Madde detayları
A2: İslam | B2: 1 | C2: 16 | D2: 40 | E2: =C2/D2 -> 0.4 | F2: 1 | G2: 15 | H2: https://docs.google.com/spreadsheets/d/1EqRV_zxrw2cK2mZ_6tUVrrMGnu7t6Yufyt2E4oTLH_0/edit#gid=1795121416
A3: MuratSaç | B3: 3 | C3: 40.48 | D3: =75*9/10 -> 67.5 | E3: =C3/D3 -> 0.5997037 | F3: 0 | G3: 50.5 | H3: https://docs.google.com/spreadsheets/d/1EqRV_zxrw2cK2mZ_6tUVrrMGnu7t6Yufyt2E4oTLH_0/edit#gid=639565466
A4: Emre | B4: 9 | C4: 46.726 | D4: 80 | E4: =C4/D4 -> 0.584075 | F4: 3 | G4: 50.95 | H4: https://docs.google.com/spreadsheets/d/1EqRV_zxrw2cK2mZ_6tUVrrMGnu7t6Yufyt2E4oTLH_0/edit#gid=98133673
A5: Farhad | B5: 7 | C5: 102.476 | D5: =75*9/10 -> 67.5 | E5: =C5/D5 -> 1.518163 | F5: 1 | G5: 118.85 | H5: https://docs.google.com/spreadsheets/d/1EqRV_zxrw2cK2mZ_6tUVrrMGnu7t6Yufyt2E4oTLH_0/edit#gid=1272994502
A6: Ömer | B6: 18 | C6: 55.125 | D6: 90 | E6: =C6/D6 -> 0.6125 | F6: 2 | G6: 49.53 | H6: https://docs.google.com/spreadsheets/d/1EqRV_zxrw2cK2mZ_6tUVrrMGnu7t6Yufyt2E4oTLH_0/edit#gid=416664440
A7: Malik | B7: 8 | C7: 66.44 | D7: 80 | E7: =C7/D7 -> 0.8305 | F7: 0 | G7: 50.73 | H7: https://docs.google.com/spreadsheets/d/1EqRV_zxrw2cK2mZ_6tUVrrMGnu7t6Yufyt2E4oTLH_0/edit#gid=1355829565
A8: Yılmaz | B8: 9 | C8: 41.58 | D8: =80*9/10 -> 72 | E8: =C8/D8 -> 0.5775 | F8: 1 | G8: 31.1 | H8: https://docs.google.com/spreadsheets/d/1EqRV_zxrw2cK2mZ_6tUVrrMGnu7t6Yufyt2E4oTLH_0/edit#gid=1503107642
C9: =SUM(C2:C8) -> 368.827 | D9: =SUM(D2:D8) -> 497 | E9: =C9/D9 -> 0.74210664
D12: 1 | E12: farhad | F12: 5.22
D13: 2 | E13: Malik | F13: 3.7 | H13: Kudo şampiyonu Farhad
D14: 3 | E14: Murat | F14: 3.61
D15: 4 | E15: yılmaz | F15: 3.25
D16: 5 | E16: ömer | F16: 2.84
D17: 6 | E17: Emre | F17: 2.51
D18: 7 | E18: İslam | F18: 1.43

Sheet 11 Aralık-24Aralık 2023
B1: Kodladığı Madde Sayısı | C1: Toplam Score | D1: Beklenen Score | E1: Kodlananlara göre Kapasite % | F1: Testten Dönen Madde Sayısı | G1: TimeSpent | H1: Madde detayları
A2: İslam | B2: 7 | C2: 44.92 | D2: 100 | E2: =C2/D2 -> 0.4492 | F2: 2 | G2: 41.5 | H2: 11 Aralık-24Aralık 2023_KPI dosyası
A3: MuratSaç | B3: 6 | C3: 54.104 | D3: 75 | E3: =C3/D3 -> 0.72138667 | F3: 1 | G3: 58 | H3: https://docs.google.com/spreadsheets/d/1es-pHaMiMLR8b6bzTlsv7R0sRxNoBJnUYRrwy1zXf20/edit#gid=639565466
A4: Emre | B4: 11 | C4: 74.208 | D4: 100 | E4: =C4/D4 -> 0.74208 | F4: 1 | G4: 66.6 | H4: https://docs.google.com/spreadsheets/d/1es-pHaMiMLR8b6bzTlsv7R0sRxNoBJnUYRrwy1zXf20/edit#gid=98133673
A5: Farhad | B5: 4 | C5: 52.668 | D5: 71.25 | E5: =C5/D5 -> 0.7392 | F5: 1 | G5: 43.03 | H5: https://docs.google.com/spreadsheets/d/1es-pHaMiMLR8b6bzTlsv7R0sRxNoBJnUYRrwy1zXf20/edit#gid=1272994502
A6: Ömer | B6: 9 | C6: 57.14 | D6: 100 | E6: =C6/D6 -> 0.5714 | F6: 3 | G6: 69 | H6: https://docs.google.com/spreadsheets/d/1es-pHaMiMLR8b6bzTlsv7R0sRxNoBJnUYRrwy1zXf20/edit#gid=416664440
A7: Malik | B7: 8 | C7: 77.685 | D7: 100 | E7: =C7/D7 -> 0.77685 | F7: 2 | G7: 58.08 | H7: https://docs.google.com/spreadsheets/d/1es-pHaMiMLR8b6bzTlsv7R0sRxNoBJnUYRrwy1zXf20/edit#gid=1355829565
A8: Yılmaz | B8: 10 | C8: 41.458 | D8: 76 | E8: =C8/D8 -> 0.5455 | F8: 1 | G8: 19.07 | H8: https://docs.google.com/spreadsheets/d/1es-pHaMiMLR8b6bzTlsv7R0sRxNoBJnUYRrwy1zXf20/edit#gid=1503107642
C9: =SUM(C1:C8) -> 402.183 | D9: =SUM(D1:D8) -> 622.25 | E9: =C9/D9 -> 0.64633668
D12: 1 | E12: Murat | F12: 3.45 | H12: Kudo şampiyonu Selim
D13: 2 | E13: Farhad | F13: 3.42
D14: 3 | E14: Emre | F14: 3.2
D15: 4 | E15: Malik | F15: 3.06
D16: 5 | E16: Yılmaz | F16: 3.01
D17: 6 | E17: Ömer | F17: 2.52
D18: 7 | E18: İslam | F18: 1.92

Sheet 27 Kasım-10 Aralık
B1: Kodladığı Madde Sayısı | C1: Toplam Score | D1: Beklenen Score | E1: Kodlananlara göre Kapasite % | F1: Testten Dönen Madde Sayısı | G1: TimeSpent | H1: Madde detayları
A2: İslam | B2: 5 | C2: 56.546 | D2: 80 | E2: =C2/D2 -> 0.706825 | F2: 1 | G2: 20.17 | H2: https://docs.google.com/spreadsheets/d/1-aaZi7S66xl8DDhM3veqjq6RcoOKstSZHj_rvCISao4/edit#gid=1795121416
A3: MuratSaç | B3: 2 | C3: 38.388 | D3: 63.75 | E3: =C3/D3 -> 0.60216471 | F3: 0 | G3: 57 | H3: https://docs.google.com/spreadsheets/d/1-aaZi7S66xl8DDhM3veqjq6RcoOKstSZHj_rvCISao4/edit#gid=639565466
A4: Emre | B4: 17 | C4: 79.885 | D4: 100 | E4: =C4/D4 -> 0.79885 | F4: 1 | G4: 76.03 | H4: https://docs.google.com/spreadsheets/d/1-aaZi7S66xl8DDhM3veqjq6RcoOKstSZHj_rvCISao4/edit#gid=98133673
A5: Farhad | B5: 7 | C5: 62.32 | D5: 75 | E5: =C5/D5 -> 0.83093333 | F5: 0 | G5: 63.25 | H5: https://docs.google.com/spreadsheets/d/1-aaZi7S66xl8DDhM3veqjq6RcoOKstSZHj_rvCISao4/edit#gid=1272994502
A6: Ömer | B6: 16 | C6: 55.982 | D6: 90 | E6: =C6/D6 -> 0.62202222 | F6: 1 | G6: 69.5 | H6: https://docs.google.com/spreadsheets/d/1-aaZi7S66xl8DDhM3veqjq6RcoOKstSZHj_rvCISao4/edit#gid=416664440
A7: Malik | B7: 10 | C7: 86.993 | D7: 90 | E7: =C7/D7 -> 0.96658889 | F7: 0 | G7: 89.7 | H7: https://docs.google.com/spreadsheets/d/1-aaZi7S66xl8DDhM3veqjq6RcoOKstSZHj_rvCISao4/edit#gid=1355829565
A8: Yılmaz | B8: 11 | C8: 48.62 | D8: 72 | E8: =C8/D8 -> 0.67527778 | F8: 2 | G8: 17.83 | H8: https://docs.google.com/spreadsheets/d/1-aaZi7S66xl8DDhM3veqjq6RcoOKstSZHj_rvCISao4/edit#gid=1503107642
C9: =SUM(C1:C8) -> 428.734 | D9: =SUM(D1:D8) -> 570.75 | E9: =C9/D9 -> 0.75117652
D12: 1 | E12: Malik | F12: 4.48 | H12: Kudo şampiyonu malik
D13: 2 | E13: Farhad | F13: 4.25
D14: 3 | E14: Emre | F14: 4
D15: 4 | E15: Murat | F15: 3.7
D16: 5 | E16: Yılmaz | F16: 3.32
D17: 6 | E17: Ömer | F17: 3.09
D18: 7 | E18: İslam | F18: 3.07

Sheet 13 Kasım-26 Kasım
B1: Kodladığı Madde Sayısı | C1: Toplam Score | D1: Beklenen Score | E1: Kodlananlara göre Kapasite % | F1: Testten Dönen Madde Sayısı | G1: TimeSpent | H1: Madde detayları
A2: İslam | B2: 11 | C2: 52.453 | D2: 100 | E2: =C2/D2 -> 0.52453 | F2: 4 | G2: 51.75 | H2: https://docs.google.com/spreadsheets/d/1UCR2t9Rdyaxa_vuoAm3gqr8s-uSvJDr-8CoRgsZH_p4/edit#gid=1795121416
A3: MuratSaç | B3: 5 | C3: 74.574 | D3: 75 | E3: =C3/D3 -> 0.99432 | F3: 1 | G3: 42 | H3: https://docs.google.com/spreadsheets/d/1UCR2t9Rdyaxa_vuoAm3gqr8s-uSvJDr-8CoRgsZH_p4/edit#gid=639565466
A4: Emre | B4: 14 | C4: 92.408 | D4: 100 | E4: =C4/D4 -> 0.92408 | F4: 1 | G4: 74.82 | H4: https://docs.google.com/spreadsheets/d/1UCR2t9Rdyaxa_vuoAm3gqr8s-uSvJDr-8CoRgsZH_p4/edit#gid=98133673
A5: Farhad | B5: 1 | C5: 86.02 | D5: 67.5 | E5: =C5/D5 -> 1.2743704 | G5: 88 | H5: https://docs.google.com/spreadsheets/d/1UCR2t9Rdyaxa_vuoAm3gqr8s-uSvJDr-8CoRgsZH_p4/edit#gid=1272994502
A6: Ömer | B6: 12 | C6: =43.363+5.197 -> 48.56 | D6: 100 | E6: =C6/D6 -> 0.4856 | F6: 3 | G6: 41.03 | H6: https://docs.google.com/spreadsheets/d/1UCR2t9Rdyaxa_vuoAm3gqr8s-uSvJDr-8CoRgsZH_p4/edit#gid=416664440
A7: Malik | B7: 6 | C7: 55.55 | D7: 50 | E7: =C7/D7 -> 1.111 | F7: 2 | G7: 29.97 | H7: https://docs.google.com/spreadsheets/d/1UCR2t9Rdyaxa_vuoAm3gqr8s-uSvJDr-8CoRgsZH_p4/edit#gid=1355829565
A8: Yılmaz | B8: 8 | C8: 30.56 | D8: 64 | E8: =C8/D8 -> 0.4775 | G8: 26.08 | H8: https://docs.google.com/spreadsheets/d/1UCR2t9Rdyaxa_vuoAm3gqr8s-uSvJDr-8CoRgsZH_p4/edit#gid=1503107642
C9: =SUM(C1:C8) -> 440.125 | D9: =SUM(D1:D8) -> 556.5 | E9: =C9/D9 -> 0.7908805
C12: 1 | D12: Farhad | E12: 5.59 | H12: Kudo şampiyonu: farhad
C13: 2 | D13: Murat | E13: 4.31
C14: 3 | D14: Emre | E14: 4
C15: 4 | D15: Malik | E15: 3.53
C16: 5 | D16: Yılmaz | E16: 2.9
C17: 6 | D17: Ömer | E17: 2.51
C18: 7 | D18: İslam | E18: 2.27

Sheet 30 Ekim-12 Kasım
B1: Kodladığı Madde Sayısı | C1: Toplam Score | D1: Beklenen Score | E1: Kodlananlara göre Kapasite % | F1: Testten Dönen Madde Sayısı | G1: TimeSpent | H1: Madde detayları
A2: İslam | B2: 14 | C2: 43.428 | D2: 100 | E2: =C2/D2 -> 0.43428 | F2: 5 | G2: 33.42 | H2: https://docs.google.com/spreadsheets/d/1pW4m1Qf2khLgeE_WCM0q7iBb8iqCX4m9a7XqkcoERko/edit#gid=1795121416
A3: MuratSaç | B3: 4 | C3: 41.988 | D3: 75 | E3: =C3/D3 -> 0.55984 | F3: 1 | G3: 27 | H3: https://docs.google.com/spreadsheets/d/1pW4m1Qf2khLgeE_WCM0q7iBb8iqCX4m9a7XqkcoERko/edit#gid=639565466
A4: Emre | B4: 15 | C4: 80.861 | D4: 90 | E4: =C4/D4 -> 0.89845556 | G4: 56.37 | H4: https://docs.google.com/spreadsheets/d/1pW4m1Qf2khLgeE_WCM0q7iBb8iqCX4m9a7XqkcoERko/edit#gid=98133673
A5: Farhad | B5: 8 | C5: 87.44 | D5: 75 | E5: =C5/D5 -> 1.1658667 | G5: 64.5 | H5: https://docs.google.com/spreadsheets/d/1pW4m1Qf2khLgeE_WCM0q7iBb8iqCX4m9a7XqkcoERko/edit#gid=1272994502
A6: Ömer | B6: 16 | C6: 76.872 | D6: 100 | E6: =C6/D6 -> 0.76872 | F6: 3 | G6: 56.15 | H6: https://docs.google.com/spreadsheets/d/1pW4m1Qf2khLgeE_WCM0q7iBb8iqCX4m9a7XqkcoERko/edit#gid=416664440
A7: Malik | B7: 5 | C7: 92.946 | D7: 100 | E7: =C7/D7 -> 0.92946 | F7: 2 | G7: 67.8 | H7: https://docs.google.com/spreadsheets/d/1pW4m1Qf2khLgeE_WCM0q7iBb8iqCX4m9a7XqkcoERko/edit#gid=1355829565
A8: Yılmaz | B8: 9 | C8: 72.02 | D8: 72 | E8: =C8/D8 -> 1.0002778 | F8: 4 | G8: 33.4 | H8: https://docs.google.com/spreadsheets/d/1pW4m1Qf2khLgeE_WCM0q7iBb8iqCX4m9a7XqkcoERko/edit#gid=1503107642
C9: =SUM(C1:C8) -> 495.555 | D9: =SUM(D1:D8) -> 612 | E9: =C9/D9 -> 0.80973039
C12: 1 | D12: Farhad | E12: 5.25
C13: 2 | D13: Emre | E13: 4 | H13: Kudo şampiyonu farhad
C14: 3 | D14: Malik | E14: 3.38 | H14: Kudo şampiyonu ömer
C15: 4 | D15: Ömer | E15: 3.17
C16: 5 | D16: Yılmaz | E16: 3.03
C17: 6 | D17: Murat | E17: 2.95
C18: 7 | D18: islam | E18: 1.76

Sheet 16-29 Ekim
B1: Kodladığı Madde Sayısı | C1: Toplam Score | D1: Beklenen Score | E1: Kodlananlara göre Kapasite % | F1: Testten Dönen Madde Sayısı | G1: TimeSpent | H1: Madde detayları
A2: İslam | B2: 5 | C2: 36.02 | D2: 100 | E2: =C2/D2 -> 0.3602 | F2: 6 | G2: 55 | H2: https://docs.google.com/spreadsheets/d/1aXTAlTKw4_rocVNN9yX7HWWDeHA966svUIkt9rUxxYE/edit#gid=1795121416
A3: MuratSaç | B3: 7 | C3: 75.419 | D3: 75 | E3: =C3/D3 -> 1.0055867 | F3: 0 | G3: 40.5 | H3: https://docs.google.com/spreadsheets/d/1aXTAlTKw4_rocVNN9yX7HWWDeHA966svUIkt9rUxxYE/edit#gid=639565466
A4: Emre | B4: 5 | C4: 37.153 | D4: 50 | E4: =C4/D4 -> 0.74306 | F4: 0 | G4: 22.7 | H4: https://docs.google.com/spreadsheets/d/1aXTAlTKw4_rocVNN9yX7HWWDeHA966svUIkt9rUxxYE/edit#gid=98133673
A5: Farhad | B5: 8 | C5: 100.77 | D5: 75 | E5: =C5/D5 -> 1.3436 | F5: 0 | G5: 62.07 | H5: https://docs.google.com/spreadsheets/d/1aXTAlTKw4_rocVNN9yX7HWWDeHA966svUIkt9rUxxYE/edit#gid=1272994502
A6: Ömer | B6: 7 | C6: 31.32 | D6: 50 | E6: =C6/D6 -> 0.6264 | F6: 5 | G6: 48.48 | H6: https://docs.google.com/spreadsheets/d/1aXTAlTKw4_rocVNN9yX7HWWDeHA966svUIkt9rUxxYE/edit#gid=416664440
A7: Malik | B7: 4 | C7: 92.328 | D7: 90 | E7: =C7/D7 -> 1.0258667 | F7: 5 | G7: 68.87 | H7: https://docs.google.com/spreadsheets/d/1aXTAlTKw4_rocVNN9yX7HWWDeHA966svUIkt9rUxxYE/edit#gid=1355829565
A8: Yasemin | B8: 1 | C8: 7.59 | D8: 42.5 | E8: =C8/D8 -> 0.17858824 | F8: 1 | G8: 14.5 | H8: https://docs.google.com/spreadsheets/d/1aXTAlTKw4_rocVNN9yX7HWWDeHA966svUIkt9rUxxYE/edit#gid=427662145
A9: Yılmaz | B9: 4 | C9: 19.095 | D9: 64 | E9: =C9/D9 -> 0.29835937 | F9: 3 | G9: 23.07 | H9: https://docs.google.com/spreadsheets/d/1aXTAlTKw4_rocVNN9yX7HWWDeHA966svUIkt9rUxxYE/edit#gid=1503107642
C10: =SUM(C2:C9) -> 399.695 | D10: =SUM(D2:D9) -> 546.5 | E10: =C10/D10 -> 0.73137237
B13: Sıra | C13: Kişi | D13: Final Notu | H13: Kudo şampiyonu Murat
B14: 1 | C14: Farhad | D14: 5.08
B15: 2 | C15: Murat | D15: 4.79
B16: 3 | C16: Malik | D16: 3.36
B17: 4 | C17: Emre | D17: 3.27
B18: 5 | C18: Ömer | D18: 2.12
B19: 6 | C19: Yılmaz | D19: 1.27
B20: 7 | C20: İslam | D20: 1.25
B21: 8 | C21: Yasemin | D21: 1.14
C24: ortalama | D24: =AVERAGEA(D15:D20) -> 2.6766667

Sheet 2 Ekim-15 Ekim 2023 
B1: Kodladığı Madde Sayısı | C1: Toplam Score | D1: Beklenen Score | E1: Kodlananlara göre Kapasite % | F1: Testten Dönen Madde Sayısı | G1: TimeSpent | H1: Madde detayları
A2: İslam | B2: 7 | C2: 31.19 | D2: 100 | E2: =C2/D2 -> 0.3119 | F2: 2 | G2: 40.17 | H2: https://docs.google.com/spreadsheets/d/1NFmnqy-dx7zyXisWX-AW-hu7_jPRGiDfp-0iDwDVKZ4/edit#gid=1795121416
A3: MuratSaç | B3: 0 | C3: 0 | D3: 45 | E3: =C3/D3 -> 0 | F3: 1 | G3: 0 | H3: https://docs.google.com/spreadsheets/d/1NFmnqy-dx7zyXisWX-AW-hu7_jPRGiDfp-0iDwDVKZ4/edit#gid=639565466
A4: Emre | B4: 4 | C4: 46.682 | D4: 50 | E4: =C4/D4 -> 0.93364 | F4: 0 | G4: 36.95 | H4: https://docs.google.com/spreadsheets/d/1NFmnqy-dx7zyXisWX-AW-hu7_jPRGiDfp-0iDwDVKZ4/edit#gid=98133673
A5: Farhad | B5: 6 | C5: 24.912 | D5: 75 | E5: =C5/D5 -> 0.33216 | F5: 0 | G5: 13.38 | H5: https://docs.google.com/spreadsheets/d/1NFmnqy-dx7zyXisWX-AW-hu7_jPRGiDfp-0iDwDVKZ4/edit#gid=1272994502
A6: Ömer | B6: 2 | C6: 21.78 | D6: 70 | E6: =C6/D6 -> 0.31114286 | F6: 2 | G6: 24.15 | H6: https://docs.google.com/spreadsheets/d/1NFmnqy-dx7zyXisWX-AW-hu7_jPRGiDfp-0iDwDVKZ4/edit#gid=416664440
A7: Malik | B7: 7 | C7: 97.908 | D7: 100 | E7: =C7/D7 -> 0.97908 | F7: 3 | G7: 64.7 | H7: https://docs.google.com/spreadsheets/d/1NFmnqy-dx7zyXisWX-AW-hu7_jPRGiDfp-0iDwDVKZ4/edit#gid=1355829565
A8: Yasemin | B8: 9 | C8: 22.6 | D8: 50 | E8: =C8/D8 -> 0.452 | F8: 1 | G8: 19.55 | H8: https://docs.google.com/spreadsheets/d/1NFmnqy-dx7zyXisWX-AW-hu7_jPRGiDfp-0iDwDVKZ4/edit#gid=427662145
A9: Yılmaz | B9: 9 | C9: 80.776 | D9: 80 | E9: =C9/D9 -> 1.0097 | F9: 0 | G9: 64.6 | H9: https://docs.google.com/spreadsheets/d/1NFmnqy-dx7zyXisWX-AW-hu7_jPRGiDfp-0iDwDVKZ4/edit#gid=1503107642
C10: =SUM(C2:C9) -> 325.848 | D10: =SUM(D2:D9) -> 570 | E10: =C10/D10 -> 0.57166316
B13: Sıra | C13: Kişi | D13: Final Notu
B14: 1 | C14: Yılmaz | D14: 4.53
B15: 2 | C15: Emre | D15: 4.3 | H15: Kudo şampiyonu : Murat
B16: 3 | C16: Malik | D16: 3.75
B17: 4 | C17: Farhad | D17: 3.07
B18: 5 | C18: Yasemin | D18: 2.36
B19: 6 | C19: İslam | D19: 1.8
B20: 7 | C20: Ömer | D20: 1.35
B21: 8 | C21: Murat | D21: 0.5
